,issue_id,type,status,resolution,component,priority,reporter,created,assigned,assignee,resolved,created.1,assigned.1,summary,description,affected_version,fixed_version,votes,watches,description_words,assingnee_count,comment_count,commenter,Surprising,Dormant,Blocker,Security,Performance,Breakage,commit_count,file_count,files
0,12,Improvement,Resolved,Fixed,   ,Major,Eric Yang,2011/09/26 23:42:56 +0100,2011/09/26 23:42:56 +0100,Eric Yang,2011/09/26 23:44:36 +0100,0.001157407,0.001157407,"['add', 'addit', 'transit', 'state']","['run', 'server', 'daemon', 'current', 'state', 'start', 'start', 'would', 'nice', 'transit', 'state', 'start', 'stop']",0.1.0,0.1.0,0,0,23,1,1,1,0,0,0,0,0,0,0,0,
1,46,Improvement,Resolved,Fixed,ambari-agent   ,Major,Eric Yang,2011/10/07 21:49:04 +0100,2011/10/07 21:49:04 +0100,Eric Yang,2011/10/07 21:50:48 +0100,0.0012037039999999999,0.001203704,"['preserv', 'cluster', 'id', 'blueprint', 'name', 'blueprint', 'revis', 'agent', 'local', 'disk']","['agent', 'execut', 'command', 'behav', 'control', 'agent', 'store', 'cluster', 'id', 'blueprint', 'name', 'blueprint', 'revis', 'local', 'disk', 'keep', 'track', 'current', 'deploy', 'state', 'agent']",0.1.0,0.1.0,0,0,34,1,1,1,0,0,0,0,0,0,0,0,
2,199,Bug,Resolved,Fixed,ambari-server   ,Major,Jitendra Nath Pandey,2012/05/09 22:05:24 +0100,2012/05/09 22:05:24 +0100,Jitendra Nath Pandey,2012/05/09 23:20:11 +0100,0.05193287,0.05193287,"['remov', 'import', 'mysql', 'puppet', 'modul', 'manifest']","['remov', 'import', 'mysql', 'puppet', 'modul', 'manifest', 'modul', 'deprec']",0.9.0,0.9.0,0,0,13,1,1,1,1,0,0,0,0,0,1,2,CHANGES.txt;hmc/php/puppet/genmanifest/generateManifest.php;
3,217,Bug,Resolved,Fixed,   ,Major,vitthal (Suhas) Gogate,2012/05/10 22:41:47 +0100,2012/05/10 22:41:47 +0100,vitthal (Suhas) Gogate,2012/05/11 17:13:23 +0100,0.7719444440000001,0.771944444,"['alert', 'tabl', 'right', 'need', 'tie', 'visual', 'verbal', 'context', 'content', 'display']","['current', 'dashboard', 'servic', 'entri', 'click', 'right', 'side', 'alert', 'tabl', 'caption', 'indic', 'show', 'alert', 'relat', 'servic', 'cpation', 'tabl', 'chang', 'indic', 'correspond', 'servic', 'name']",0.9.0,0.9.0,0,0,37,1,2,2,1,0,0,0,0,0,0,0,
4,222,Bug,Resolved,Fixed,   ,Major,vitthal (Suhas) Gogate,2012/05/11 01:10:46 +0100,2012/05/11 01:10:46 +0100,vitthal (Suhas) Gogate,2012/05/15 02:11:31 +0100,4.0421875,4.0421875,"['remov', 'word', 'alert', 'nagio', 'alert', 'descript']","['sort', 'redund']",0.9.0,0.9.0,0,1,6,1,1,1,1,0,0,0,0,0,0,0,
5,226,Bug,Resolved,Fixed,   ,Minor,Suresh Srinivas,2012/05/11 18:29:32 +0100,null,Unassigned,2012/05/15 03:31:24 +0100,3.376296296,null,"['make', 'daemon', 'name', 'field', 'name', 'consist']","['follow', 'name', 'need', 'consist', 'hdfs', 'gt', 'hdfs', 'mapreduc', 'gt', 'mapreduc', 'zookeep', 'gt', 'zookeep', 'hadoop', 'gt', 'hadoop']",0.9.0,0.9.0,0,1,20,0,1,1,1,0,0,0,0,0,0,0,
6,237,Bug,Resolved,Fixed,ambari-server   ,Major,Jitendra Nath Pandey,2012/05/12 18:16:26 +0100,2012/05/12 18:16:26 +0100,Jitendra Nath Pandey,2012/05/16 07:36:09 +0100,3.555358796,3.555358796,"['refactor', 'puppet', 'kick', 'loop', 'easili', 'chang', 'retri', 'timeout']","['refactor', 'puppet', 'kick', 'loop', 'easili', 'chang', 'retri', 'timeout']",0.9.0,0.9.0,0,1,10,1,1,1,0,0,0,0,1,0,0,0,
7,245,Bug,Resolved,Fixed,ambari-server   ,Major,Jitendra Nath Pandey,2012/05/15 00:52:33 +0100,2012/05/15 00:52:33 +0100,Jitendra Nath Pandey,2012/05/17 21:00:13 +0100,2.838657407,2.838657407,"['support', 'data', 'cleanup', 'instal', 'fail']","['need', 'support', 'data', 'cleanup', 'cluster', 'instal', 'case', 'failur']",0.9.0,0.9.0,0,2,17,1,1,1,0,0,0,0,0,0,0,0,
8,247,Bug,Resolved,Fixed,   ,Major,Varun Kapoor,2012/05/15 02:13:48 +0100,2012/05/15 02:13:48 +0100,Varun Kapoor,2012/06/05 23:47:38 +0100,21.89849537,21.89849537,"['replac', 'index', 'php', 'cluster', 'php']","['like', 'titl', 'say', 'overwrit', 'index', 'php', 'content', 'cluster', 'php', 'make', 'sure', 'add', 'link', 'addnodeswizard', 'well']",0.9.0,0.9.0,0,2,22,1,1,1,0,0,0,0,0,0,0,0,
9,253,Bug,Resolved,Fixed,   ,Major,Ramya Sunil,2012/05/15 21:32:31 +0100,2012/05/15 21:32:31 +0100,Ramya Sunil,2012/05/17 20:58:51 +0100,1.97662037,1.97662037,"['support', 'uninstal', 'state', 'mysql', 'modul']","['current', 'support', 'uninstal', 'mysql', 'packag']",0.9.0,0.9.0,0,1,10,1,2,1,0,0,0,0,0,0,0,0,
10,256,Bug,Resolved,Fixed,   ,Major,Ramya Sunil,2012/05/15 22:52:19 +0100,2012/05/15 22:52:19 +0100,Ramya Sunil,2012/05/17 20:57:56 +0100,1.92056713,1.92056713,"['updat', 'hive', 'config', 'enabl', 'author']","['etc', 'hive', 'conf', 'hive', 'site', 'xml', 'lt', 'properti', 'gt', 'lt', 'name', 'gt', 'hive', 'secur', 'author', 'enabl', 'lt', 'name', 'gt', 'lt', 'valu', 'gt', 'true', 'lt', 'valu', 'gt', 'lt', 'descript', 'gt', 'enabl', 'disabl', 'hive', 'client', 'author', 'lt', 'descript', 'gt', 'lt', 'properti', 'gt', 'lt', 'properti', 'gt', 'lt', 'name', 'gt', 'hive', 'secur', 'author', 'manag', 'lt', 'name', 'gt', 'lt', 'valu', 'gt', 'org', 'apach', 'hcatalog', 'secur', 'hdfsauthorizationprovid', 'lt', 'valu', 'gt', 'lt', 'descript', 'gt', 'hive', 'client', 'author', 'manag', 'class', 'name', 'user', 'defin', 'author', 'class', 'implement', 'interfac', 'org', 'apach', 'hadoop', 'hive', 'ql', 'secur', 'author', 'hiveauthorizationprovid', 'lt', 'descript', 'gt', 'lt', 'properti', 'gt', 'etc', 'hive', 'conf', 'hive', 'env', 'sh', 'add', 'export', 'hive', 'aux', 'jar', 'path', 'usr', 'lib', 'hcatalog', 'share', 'hcatalog', 'hcatalog', 'jar']",0.9.0,0.9.0,0,1,46,1,2,1,0,0,0,0,0,0,0,0,
11,257,Bug,Resolved,Fixed,site   ,Major,Arpit Gupta,2012/05/15 23:00:57 +0100,2012/05/17 22:25:38 +0100,Vinod Kumar Vavilapalli,2012/05/18 22:57:30 +0100,2.997604167,1.02212963,"['manag', 'servic', 'section', 'empti', 'section', 'client', 'compon', 'instal']","['manag', 'servic', 'page', 'section', 'client', 'servic', 'long', 'run', 'process', 'user', 'compon', 'head', 'content', 'mayb', 'hide', 'head', 'servic', 'present']",0.9.0,0.9.0,0,3,44,1,2,2,0,0,0,0,0,0,0,0,
12,280,Bug,Resolved,Fixed,   ,Major,Vikram Dixit K,2012/05/16 23:42:16 +0100,2012/05/16 23:42:16 +0100,Vikram Dixit K,2012/05/18 07:05:43 +0100,1.307951389,1.307951389,"['cleanup', 'util']","['need', 'api', 'ui', 'figur', 'status', 'cluster']",0.9.0,0.9.0,0,2,15,1,2,2,0,0,0,0,0,0,0,0,
13,290,Bug,Resolved,Fixed,ambari-server   ,Major,Jitendra Nath Pandey,2012/05/17 03:49:18 +0100,2012/05/17 03:49:18 +0100,Varun Kapoor,2012/05/17 03:52:12 +0100,0.002013889,0.002013889,"['comment', 'addnodeswizardinit', 'js']","['comment', 'addnodeswizardinit', 'js']",0.9.0,0.9.0,0,1,3,1,1,1,0,0,0,0,0,0,0,0,
14,292,Bug,Resolved,Fixed,ambari-web   ,Major,Jitendra Nath Pandey,2012/05/17 03:55:34 +0100,2012/05/17 03:55:34 +0100,Varun Kapoor,2012/05/17 03:58:26 +0100,0.001990741,0.001990741,"['html', 'spew', 'review', 'deploy', 'page']","['html', 'spew', 'review', 'deploy', 'page']",0.9.0,0.9.0,0,1,7,1,1,1,0,0,0,0,0,0,0,0,
15,300,Bug,Resolved,Fixed,   ,Major,Yusaku Sako,2012/05/17 07:44:03 +0100,2012/05/17 07:44:03 +0100,Yusaku Sako,2012/05/17 20:56:16 +0100,0.5501504629999999,0.550150463,"['chang', 'status', 'messag', 'success', 'error', 'locat', 'show', 'page', 'summari', 'box', 'rather', 'better', 'visibl']",[],0.9.0,0.9.0,0,2,1,1,1,1,0,0,0,0,0,0,0,0,
16,310,Bug,Resolved,Fixed,   ,Major,Yusaku Sako,2012/05/18 04:11:17 +0100,2012/05/18 04:11:17 +0100,Yusaku Sako,2012/06/01 23:48:51 +0100,14.81775463,14.81775463,"['extern', 'messag', 'resourc', 'welcom', 'page', 'updat', 'style', 'various', 'page']",[],0.9.0,0.9.0,0,2,1,1,1,1,0,0,0,0,0,0,0,0,
17,316,Bug,Resolved,Fixed,   ,Major,Vinod Kumar Vavilapalli,2012/05/18 21:33:10 +0100,2012/05/18 21:33:10 +0100,Vinod Kumar Vavilapalli,2012/06/05 22:46:22 +0100,18.05083333,18.05083333,"['grid', 'mount', 'point', 'page', 'let', 'one', 'pass', 'custom', 'mount', 'point']",[],0.9.0,0.9.0,0,2,1,1,2,2,0,0,0,0,0,0,0,0,
18,326,Bug,Resolved,Fixed,ambari-server   ,Major,Jitendra Nath Pandey,2012/05/19 00:13:40 +0100,2012/05/19 00:13:40 +0100,Jitendra Nath Pandey,2012/06/02 01:39:41 +0100,14.059733800000002,14.0597338,"['depend', 'ad', 'instal', 'phase']","['host', 'level', 'depend', 'set', 'run', 'stage', 'well', 'redund', 'assum', 'depend', 'instal', 'instal', 'stage']",0.9.0,0.9.0,0,3,25,1,3,2,0,0,0,0,0,0,0,0,
19,339,Bug,Resolved,Fixed,ambari-web   ,Major,Vikram Dixit K,2012/05/19 22:01:30 +0100,2012/05/20 01:39:12 +0100,Vikram Dixit K,2012/06/05 23:34:28 +0100,17.06456019,16.91337963,"['make', 'transitiontonextstag', 'robust']","['currentstag', 'null', 'proceed', 'transit']",0.9.0,0.9.0,0,1,12,1,1,1,0,0,0,0,0,0,0,0,
20,369,Bug,Resolved,Fixed,   ,Major,Yusaku Sako,2012/05/21 23:20:55 +0100,2012/05/21 23:20:55 +0100,Yusaku Sako,2012/06/06 22:04:46 +0100,15.94711806,15.94711806,"['improv', 'servic', 'manag', 'page', 'general', 'popup', 'style']",[],0.9.0,0.9.0,0,2,1,1,1,1,0,0,0,0,0,0,0,0,
21,386,Bug,Resolved,Fixed,   ,Major,Hitesh Shah,2012/05/22 23:42:53 +0100,2012/05/22 23:42:53 +0100,Hitesh Shah,2012/06/06 22:58:39 +0100,14.96928241,14.96928241,"['singl', 'node', 'instal', 'instal', 'compon', 'recommend', 'num', 'map', 'reduc', 'task', 'high']","['use', 'lower', 'count', 'map', 'reduc', 'slot', 'singl', 'node', 'instal']",0.9.0,0.9.0,0,2,11,1,1,1,0,0,0,0,0,0,0,0,
22,393,Bug,Resolved,Fixed,   ,Major,Mahadev konar,2012/05/23 19:33:34 +0100,2012/05/23 19:33:34 +0100,Mahadev konar,2012/06/06 23:11:34 +0100,14.15138889,14.15138889,"['zookeep', 'myid', 'file', 'exist', 'zk', 'instal']","['zookeep', 'myid', 'file', 'exist', 'zk', 'instal']",0.9.0,0.9.0,0,2,8,1,1,1,0,0,0,0,0,0,0,0,
23,399,Bug,Resolved,Fixed,   ,Major,Yusaku Sako,2012/05/23 23:26:51 +0100,2012/05/23 23:26:51 +0100,Yusaku Sako,2012/06/06 23:26:35 +0100,13.99981481,13.99981481,"['uninstal', 'page', 'hang', 'spin', 'icon']",[],0.9.0,0.9.0,0,2,1,1,1,1,0,0,0,0,0,0,0,0,
24,429,Bug,Resolved,Fixed,   ,Major,Mahadev konar,2012/05/25 22:10:04 +0100,2012/05/25 22:10:04 +0100,Mahadev konar,2012/06/07 01:52:31 +0100,12.15447917,12.15447917,"['fix', 'bug', 'jmx', 'pars', 'hbase']","['fix', 'bug', 'jmx', 'pars', 'hbase']",0.9.0,0.9.0,0,2,7,1,1,1,0,0,0,0,0,0,0,0,
25,433,Bug,Resolved,Fixed,ambari-server   ,Major,Vikram Dixit K,2012/05/26 00:35:40 +0100,2012/05/26 00:35:40 +0100,Vikram Dixit K,2012/06/07 01:57:10 +0100,12.05659722,12.05659722,"['use', 'servic', 'stop', 'instead', 'killal', 'uninstal']",[],0.9.0,0.9.0,0,1,1,1,1,1,0,0,0,0,0,0,0,0,
26,435,Bug,Resolved,Fixed,ambari-server   ,Major,Vikram Dixit K,2012/05/26 01:47:14 +0100,2012/05/26 01:47:14 +0100,Vikram Dixit K,2012/06/07 01:59:22 +0100,12.00842593,12.00842593,"['uninstal', 'need', 'updat', 'status', 'failur']","['enabl', 'rout', 'layer', 'redirect', 'appropri']",0.9.0,0.9.0,0,1,10,1,1,1,0,0,0,0,0,0,0,0,
27,450,Improvement,Resolved,Fixed,   ,Major,Yusaku Sako,2012/05/30 05:01:02 +0100,2012/05/30 05:01:02 +0100,Yusaku Sako,2012/06/07 02:22:24 +0100,7.889837963,7.889837963,"['boldifi', 'redifi', 'restart', 'hmc', 'messag', 'nagio', 'ganglia', 'hmc', 'host']",[],0.9.0,0.9.0,0,2,1,1,1,1,0,0,0,0,0,0,0,0,
28,475,Bug,Resolved,Fixed,   ,Blocker,Yusaku Sako,2012/05/31 23:24:39 +0100,2012/06/01 00:22:12 +0100,Yusaku Sako,2012/06/07 03:02:41 +0100,6.151412037,6.111446759,"['add', 'miss', 'js', 'file', 'make', 'post', 'cluster', 'instal', 'add', 'node', 'work']",[],0.9.0,0.9.0,0,2,1,1,1,1,0,0,0,0,0,0,0,0,
29,482,Bug,Resolved,Fixed,   ,Major,Yusaku Sako,2012/06/01 03:16:06 +0100,2012/06/01 03:16:06 +0100,Yusaku Sako,2012/06/07 03:17:53 +0100,6.0012384260000005,6.001238426,"['show', 'welcom', 'page', 'user', 'user', 'start', 'configur', 'cluster', 'start', 'deploy', 'yet']",[],0.9.0,0.9.0,0,2,1,1,1,1,0,0,0,0,0,0,0,0,
30,486,Bug,Resolved,Fixed,   ,Major,Yusaku Sako,2012/06/01 04:39:12 +0100,2012/06/01 04:39:12 +0100,Yusaku Sako,2012/06/07 03:23:12 +0100,5.947222222000001,5.947222222,"['add', 'node', 'instal', 'mysql', 'server', 'hive']","['ad', 'slave', 'node', 'post', 'cluster', 'instal', 'instal', 'mysql', 'server', 'hive', 'select', 'servic', 'time', 'cluster', 'instal']",0.9.0,0.9.0,0,2,24,1,1,1,0,0,0,0,0,0,0,0,
31,501,Improvement,Resolved,Fixed,   ,Major,Yusaku Sako,2012/06/02 23:17:49 +0100,2012/06/02 23:17:49 +0100,Yusaku Sako,2012/06/07 03:43:44 +0100,4.1846643519999995,4.184664352,"['speed', 'page', 'load', 'reload', 'time']",[],0.9.0,0.9.0,0,2,1,1,1,1,0,0,0,0,0,0,0,0,
32,510,Bug,Resolved,Fixed,   ,Major,Yusaku Sako,2012/06/05 03:56:41 +0100,2012/06/05 03:56:41 +0100,Yusaku Sako,2012/06/07 04:31:21 +0100,2.024074074,2.024074074,"['modifi', 'router', 'forc', 'redirect', 'add', 'node', 'progress', 'popup']",[],0.9.0,0.9.0,0,2,1,1,2,2,0,0,0,0,0,0,0,0,
33,512,Bug,Resolved,Fixed,   ,Major,Mahadev konar,2012/06/05 06:19:13 +0100,2012/06/05 06:19:13 +0100,Mahadev konar,2012/06/07 04:36:00 +0100,1.9283217590000001,1.928321759,"['fix', 'puppet', 'manifest', 'tarbal', 'download', 'via', 'rpms']",[],0.9.0,0.9.0,0,2,1,1,1,1,0,0,0,0,0,0,0,0,
34,543,Bug,Resolved,Fixed,infra   ,Major,Vikram Dixit K,2012/06/09 03:01:03 +0100,2012/06/09 03:01:03 +0100,Vikram Dixit K,2012/06/09 03:10:25 +0100,0.00650463,0.00650463,"['rpm', 'name', 'need', 'correct']","['rpm', 'name', 'need', 'correct']",0.9.0,0.9.0,0,2,6,1,1,1,0,0,0,0,0,0,0,0,
35,547,Bug,Resolved,Fixed,   ,Major,Hitesh Shah,2012/06/11 23:25:58 +0100,2012/06/26 00:48:11 +0100,Hitesh Shah,2012/06/26 23:23:53 +0100,14.99855324,0.941458333,"['chang', 'os', 'type', 'check', 'node', 'bootstrap', 'allow', 'rhel', 'cento', 'node']","['hmc', 'php', 'frontend', 'addnod', 'verifyandupdatenodesinfo', 'php', 'hardcod', 'check', 'allow', 'rhel', 'cento', 'node']",0.9.0,0.9.0,0,1,10,1,2,1,0,0,1,0,0,0,0,0,
36,565,Bug,Resolved,Fixed,   ,Major,Yusaku Sako,2012/06/20 17:59:47 +0100,2012/06/20 17:59:47 +0100,Yusaku Sako,2012/06/21 01:45:29 +0100,0.323402778,0.323402778,"['remov', 'yui', 'sourc', 'file', 'svn']","['current', 'yui', 'sourc', 'file', 'svn', 'realli', 'need', 'check', 'svn', 'track', 'chang', 'pre', 'concaten', 'minifi', 'yui', 'js', 'file', 'need', 'file', 'run', 'ambari', 'anyhow', 'remov', 'svn', 'instead', 'checkin', 'tarbal']",0.9.0,0.9.0,0,2,53,1,4,2,0,0,0,0,0,0,0,0,
37,581,Bug,Resolved,Fixed,   ,Major,Jaimin D Jetly,2012/06/27 23:32:51 +0100,2012/06/27 23:32:51 +0100,Jaimin D Jetly,2012/06/28 01:28:03 +0100,0.08,0.08,"['special', 'charact', 'host', 'file', 'creat', 'common', 'window', 'editor', 'caus', 'issu']",[],0.9.0,0.9.0,0,2,1,1,5,2,0,0,0,0,0,0,0,0,
38,587,Bug,Resolved,Fixed,ambari-agent; ambari-server; ambari-web; documentation; infra; site; test   ,Major,Vikram Dixit K,2012/06/30 01:52:18 +0100,2012/06/30 01:52:18 +0100,Vikram Dixit K,2012/07/03 03:28:57 +0100,3.0671180560000004,3.067118056,"['rat', 'complianc', 'patch']","['ad', 'apach', 'licens', 'file', 'within', 'ambari', 'rat', 'tool', 'complianc']",0.9.0,0.9.0,0,2,13,1,5,2,0,0,0,0,0,0,0,0,
39,597,Bug,Resolved,Fixed,   ,Major,Mahadev konar,2012/07/05 07:00:08 +0100,2012/07/05 07:00:08 +0100,Mahadev konar,2012/07/05 07:13:33 +0100,0.00931713,0.00931713,"['remov', 'usr', 'bin', 'php', 'depend', 'rpm']",[],0.9.0,1,0,1,1,1,2,1,0,0,0,0,0,0,0,0,
40,635,Improvement,Resolved,Fixed,   ,Minor,Yusaku Sako,2012/07/13 18:21:50 +0100,2012/07/13 18:21:50 +0100,Yusaku Sako,2012/07/13 18:25:53 +0100,0.0028125,0.0028125,"['add', 'node', 'progress', 'partial', 'failur', 'let', 'user', 'continu', 'display', 'orang', 'bar', 'rather', 'red', 'bar', 'progress', 'popup']",[],0.9.0,1,0,1,1,1,1,1,0,0,0,0,0,0,0,0,
41,638,Bug,Resolved,Fixed,   ,Major,Yusaku Sako,2012/07/17 00:56:27 +0100,2012/07/17 00:56:27 +0100,Yusaku Sako,2012/07/17 01:57:08 +0100,0.042141204,0.042141204,"['weird', 'custom', 'config', 'page', 'user', 'goe', 'back', 'previous', 'stage']","['issu', 'go', 'back', 'forth', 'differ', 'stage', 'cluster', 'instal', 'wizard', 'possibl', 'get', 'state', 'custom', 'config', 'form', 'submit', 'button', 'disabl', 'field', 'error', 'shown', 'step', 'replic', 'go', 'stage', 'submit', 'form', 'go', 'back', 'stage', 'go', 'stage', 'field', 'error', 'shown', 'issu', 'custom', 'config', 'stage', 'skip', 'get', 'review', 'deploy', 'go', 'back', 'stage', 'preced', 'custom', 'config', 'step', 'replic', 'go', 'thru', 'cluster', 'instal', 'wizard', 'stage', 'review', 'deploy', 'submit', 'form', 'go', 'back', 'stage', 'submit', 'form', 'stage', 'stage', 'skip', 'goe', 'direct', 'stage', 'go', 'back', 'stage', 'earlier', 'stage', 'skip']",0.9.0,0.9.0; 1.0,0,1,154,1,1,1,0,0,0,0,0,0,0,0,
42,1072,Improvement,Resolved,Fixed,ambari-web   ,Major,Srimanth Gunturi,2012/12/13 03:19:04 +0100,2012/12/13 03:19:04 +0100,Srimanth Gunturi,2013/01/10 20:58:25 +0100,28.73565972,28.73565972,"['chang', 'text', 'alert', 'xx', 'hour', 'ago']","['alert', 'text', 'like', 'ok', 'hourswarn', 'hourscrit', 'hour']",1.2.0,1.2.0,0,2,18,1,1,1,1,0,0,0,0,0,0,0,
43,1103,Bug,Resolved,Fixed,ambari-web   ,Major,ARUN KUMAR KANDREGULA,2012/12/19 00:46:49 +0100,2012/12/19 00:46:49 +0100,ARUN KUMAR KANDREGULA,2013/01/11 02:04:10 +0100,23.05371528,23.05371528,"['need', 'abl', 'reliabl', 'recov', 'case', 'browser', 'close', 'deploy', 'step', 'post', 'submiss', 'step', 'wizard']","['need', 'abl', 'reliabl', 'recov', 'case', 'browser', 'close', 'deploy', 'step', 'post', 'submiss', 'step', 'wizard', 'even', 'submit', 'step', 'take', 'step', 'browser', 'restart', 'ideal', 'take', 'monitor', 'page']",1.2.0,1.2.0,0,2,45,1,2,2,1,0,0,0,0,0,0,0,
44,1151,Bug,Resolved,Fixed,ambari-web   ,Critical,Yusaku Sako,2013/01/11 01:55:42 +0100,2013/01/11 01:57:37 +0100,Yusaku Sako,2013/01/11 01:57:37 +0100,0.001331019,0,"['reconfigur', 'fail', 'silent', 'fire', 'api', 'call', 'due', 'js', 'error']",[],1.2.0,1.2.0,0,1,1,1,1,1,0,0,0,0,0,0,0,0,
45,1153,Bug,Resolved,Fixed,ambari-web   ,Major,Yusaku Sako,2013/01/11 03:50:56 +0100,2013/01/11 03:50:56 +0100,ARUN KUMAR KANDREGULA,2013/01/11 03:52:24 +0100,0.0010185189999999998,0.001018519,"['host', 'jam', 'status', 'prepar', 'host', 'name', 'wrong']",[],1.2.0,1.2.1,0,1,1,1,1,1,0,0,0,0,0,0,0,0,
46,1164,Bug,Resolved,Fixed,   ,Critical,Mahadev konar,2013/01/14 20:42:22 +0100,2013/02/01 00:10:30 +0100,John Speidel,2013/02/01 00:10:46 +0100,17.14472222,1.85E-04,"['disk', 'info', 'metric', 'memori', 'usag', 'sometim', 'show', 'hour']","['disk', 'info', 'metric', 'memori', 'usag', 'sometim', 'show', 'hour']",1.2.0,1.2.2,0,2,16,1,1,1,0,0,0,0,0,0,0,0,
47,1214,Improvement,Resolved,Fixed,ambari-web   ,Major,Yusaku Sako,2013/01/19 01:47:03 +0100,2013/01/19 01:47:03 +0100,Yusaku Sako,2013/01/19 02:01:32 +0100,0.01005787,0.01005787,"['start', 'fail', 'warn', 'host', 'overal', 'instal']","['servic', 'start', 'fail', 'warn', 'host', 'warn', 'overal', 'instal', 'allow', 'start', 'task', 'complet', 'allow', 'user', 'click', 'next']",1.2.0,1.2.1,0,1,24,1,1,1,0,0,0,0,0,0,0,0,
48,1216,Improvement,Resolved,Fixed,ambari-web   ,Major,Yusaku Sako,2013/01/19 02:07:41 +0100,2013/01/19 02:07:41 +0100,Yusaku Sako,2013/01/19 02:11:23 +0100,0.002569444,0.002569444,"['add', 'filter', 'modul']",[],1.2.0,1.2.1,0,1,1,1,1,1,0,0,0,0,0,0,0,0,
49,1218,Improvement,Resolved,Fixed,ambari-web   ,Major,Yusaku Sako,2013/01/19 02:19:14 +0100,2013/01/19 02:19:14 +0100,Yusaku Sako,2013/01/19 02:20:24 +0100,0.00081,8.10E-04,"['refactor', 'job', 'browser', 'user', 'filter']",[],1.2.0,1.2.1,0,1,1,1,1,1,0,0,0,0,0,0,0,0,
50,1223,Improvement,Resolved,Fixed,ambari-web   ,Major,Yusaku Sako,2013/01/19 02:31:22 +0100,2013/01/19 02:31:22 +0100,Yusaku Sako,2013/01/19 02:33:22 +0100,0.001388889,0.001388889,"['confirm', 'host', 'page', 'look', 'like', 'host', 'disappear', 'fail', 'filter', 'click', 'retri', 'fail', 'button']",[],1.2.0,1.2.1,0,1,1,1,1,1,0,0,0,0,0,0,0,0,
51,1231,Bug,Resolved,Fixed,   ,Major,Mahadev konar,2013/01/19 03:18:22 +0100,2013/01/19 03:18:22 +0100,Mahadev konar,2013/01/19 03:33:43 +0100,0.010659722,0.010659722,"['replac', 'sudo', 'su', 'ambari', 'setup', 'script', 'sinc', 'ambari', 'server', 'setup', 'alreadi', 'run', 'root']","['replac', 'sudo', 'su', 'ambari', 'setup', 'script', 'sinc', 'ambari', 'server', 'setup', 'alreadi', 'run', 'root']",1.2.0,1.2.1; 1.2.3,0,1,18,1,2,1,0,0,0,0,0,0,0,0,
52,1264,Bug,Resolved,Fixed,ambari-web   ,Critical,Yusaku Sako,2013/01/26 02:06:10 +0100,2013/01/26 02:06:10 +0100,Yusaku Sako,2013/01/26 06:27:11 +0100,0.18126157399999998,0.181261574,"['servic', 'graph', 'refresh', 'spinner']","['servic', 'graph', 'refresh', 'spinner', 'rather', 'simpli', 'shift', 'left', 'see', 'attach', 'movi', 'clip']",1.2.0,1.2.1,0,2,17,1,2,2,0,0,0,0,0,0,0,0,
53,1265,Improvement,Resolved,Fixed,ambari-web   ,Major,Yusaku Sako,2013/01/26 02:11:48 +0100,2013/01/26 02:11:48 +0100,Yusaku Sako,2013/01/26 06:28:33 +0100,0.17829861100000002,0.178298611,"['job', 'browser', 'filter', 'input', 'output', 'durat']","['lt', 'express', 'gt', 'lt', 'oper', 'gt', 'lt', 'whitespac', 'gt', 'lt', 'valu', 'gt', 'lt', 'durat', 'unit', 'gt', 'lt', 'io', 'unit', 'gt', 'lt', 'oper', 'gt', 'gt', 'lt', 'lt', 'whitespac', 'gt', 'lt', 'valu', 'gt', 'int', 'float', 'lt', 'durat', 'unit', 'gt', 'h', 'lt', 'io', 'unit', 'gt', 'k', 'kb', 'mb', 'g', 'gb', 'lt', 'oper', 'gt', 'ommit', 'assum', 'lt', 'durat', 'unit', 'gt', 'omit', 'assum', 'lt', 'io', 'unit', 'gt', 'omit', 'k', 'assum', 'lt', 'durat', 'unit', 'gt', 'lt', 'io', 'unit', 'gt', 'case', 'insensit']",1.2.0,1.2.1,0,2,67,1,2,2,0,0,0,0,0,0,0,0,
54,1266,Bug,Resolved,Fixed,   ,Major,Mahadev konar,2013/01/26 02:57:20 +0100,2013/01/26 02:57:20 +0100,Mahadev konar,2013/01/26 03:51:08 +0100,0.037361111,0.037361111,"['agent', 'check', 'packag', 'part', 'host', 'check', 'tell', 'one', 'need', 'conflict']","['agent', 'check', 'packag', 'part', 'host', 'check', 'tell', 'one', 'need', 'conflict']",1.2.0,1.2.1,0,2,17,1,3,2,0,0,0,0,0,0,0,0,
55,1267,Bug,Resolved,Fixed,   ,Major,Mahadev konar,2013/01/26 05:17:08 +0100,2013/01/26 05:17:08 +0100,Mahadev konar,2013/01/26 05:52:17 +0100,0.024409722000000002,0.024409722,"['store', 'exampl', 'hive', 'queri', 'somewher', 'ambari', 'easili', 'access', 'demo', 'test', 'purpos']","['store', 'exampl', 'hive', 'queri', 'somewher', 'ambari', 'easili', 'access', 'demo', 'test', 'purpos']",1.2.0,1.2.1,0,2,13,1,3,2,0,0,0,0,0,0,0,0,
56,1273,Bug,Resolved,Fixed,ambari-web   ,Major,Srimanth Gunturi,2013/01/28 20:45:35 +0100,2013/01/28 20:45:35 +0100,Srimanth Gunturi,2013/01/29 01:14:07 +0100,0.186481481,0.186481481,"['edit', 'user', 'error', 'messag', 'shown', 'user', 'enter', 'correct', 'old', 'password']","['error', 'messag', 'shown', 'user', 'enter', 'correct', 'old', 'password', 'edit', 'user']",1.2.0,1.2.1,0,2,19,1,2,2,0,0,0,0,0,0,0,0,
57,1274,Improvement,Resolved,Fixed,ambari-web   ,Major,Srimanth Gunturi,2013/01/28 20:51:32 +0100,2013/01/28 20:51:32 +0100,Srimanth Gunturi,2013/01/29 01:13:51 +0100,0.182164352,0.182164352,"['shrink', 'top', 'nav', 'height']","['navbar', 'height', 'shrunk', 'px']",1.2.0,1.2.2,0,2,7,1,2,2,0,0,0,0,0,0,0,0,
58,1305,Improvement,Resolved,Fixed,ambari-web   ,Major,ARUN KUMAR KANDREGULA,2013/01/30 23:09:05 +0100,2013/01/30 23:09:05 +0100,ARUN KUMAR KANDREGULA,2013/01/31 03:07:17 +0100,0.165416667,0.165416667,"['make', 'sure', 'ambari', 'web', 'render', 'element', 'correct', 'browser', 'width', 'px', 'narrow', 'refactor']","['current', 'behavior', 'dynam', 'layout', 'element', 'browser', 'viewport', 'size', 'chang', 'caus', 'element', 'overlap', 'go', 'outsid', 'bound', 'box', 'posit', 'weird', 'way', 'etc', 'let', 'set', 'minimum', 'width', 'px', 'mayb', 'px', 'account', 'scrollbar', 'make', 'sure', 'element', 'laid', 'correct', 'bigger', 'px', 'still', 'util', 'screen', 'space', 'today']",1.2.0,1.2.1,0,3,65,1,4,3,0,0,1,0,0,0,0,0,
59,1309,Improvement,Resolved,Fixed,ambari-web   ,Major,ARUN KUMAR KANDREGULA,2013/01/30 23:33:26 +0100,2013/01/30 23:33:26 +0100,ARUN KUMAR KANDREGULA,2013/01/31 01:55:39 +0100,0.098761574,0.098761574,"['remov', 'text', 'app', 'view', 'control', 'templat', 'messag', 'js']",[],1.2.0,1.2.2,0,2,1,1,4,2,0,0,0,0,0,0,0,0,
60,1337,Improvement,Resolved,Fixed,ambari-web   ,Minor,Yusaku Sako,2013/02/02 00:34:38 +0100,2013/02/02 00:34:38 +0100,Yusaku Sako,2013/02/02 03:28:36 +0100,0.120810185,0.120810185,"['refactor', 'job', 'browser', 'filter']",[],1.2.0,1.2.3,0,2,1,1,2,2,0,0,0,0,0,0,0,0,
61,1354,Bug,Resolved,Fixed,ambari-web   ,Major,Jaimin D Jetly,2013/02/06 20:43:10 +0100,2013/02/06 20:43:10 +0100,Jaimin D Jetly,2013/02/06 23:46:19 +0100,0.1271875,0.1271875,"['alert', 'badg', 'host', 'detail', 'page', 'green', 'red']",[],1.2.1,1.2.2,0,2,1,1,2,2,0,0,0,0,0,0,0,0,
62,1432,Bug,Resolved,Fixed,   ,Major,Mahadev konar,2013/02/14 23:34:57 +0100,2013/02/14 23:34:57 +0100,Mahadev konar,2013/02/15 00:17:21 +0100,0.029444444,0.029444444,"['ambari', 'agent', 'registr', 'hang', 'due', 'acceptor', 'bug', 'jetti', 'read', 'accept', 'connect']","['ambari', 'agent', 'registr', 'hang', 'due', 'acceptor', 'bug', 'jetti', 'read', 'accept', 'connect']",1.2.0,1.2.2,0,2,16,1,3,2,0,0,0,0,0,0,0,0,
63,1465,Bug,Resolved,Fixed,ambari-server   ,Major,Siddharth Wagle,2013/02/22 00:57:08 +0100,2013/02/22 00:57:08 +0100,Siddharth Wagle,2013/02/22 07:07:42 +0100,0.257337963,0.257337963,"['minim', 'read', 'write', 'lock', 'createhost']","['invoc', 'count', 'exec', 'time', 'clustersimpl', 'maphosttoclus', 'highorg', 'apach', 'ambari', 'server', 'state', 'cluster', 'clustersimpl', 'maphosttoclust', 'string', 'string', 'time', 'ms', 'avg', 'time', 'ms', 'time', 'ms', 'invoc', 'count', 'time', 'host', 'map', 'cluster', 'refresh', 'entiti', 'manag', 'result', 'createhost', 'call', 'take', 'excess', 'minut']",1.2.2,1.2.3,0,2,42,1,4,2,1,0,0,0,1,0,0,0,
64,1466,Improvement,Resolved,Fixed,   ,Major,Mahadev konar,2013/02/22 00:59:03 +0100,2013/02/22 00:59:03 +0100,Mahadev konar,2013/02/22 07:22:20 +0100,0.266168981,0.266168981,"['optim', 'ganglia', 'rrd', 'script', 'abl', 'respond', 'within', 'reason', 'time', 'queri', 'made', 'ui']","['optim', 'ganglia', 'rrd', 'script', 'abl', 'respond', 'within', 'reason', 'time', 'queri', 'made', 'ui']",1.2.2,1.2.2,0,2,18,1,3,2,0,0,0,0,1,0,0,0,
65,1473,Bug,Resolved,Fixed,ambari-web   ,Major,Yusaku Sako,2013/02/22 04:40:20 +0100,2013/02/22 04:40:20 +0100,Yusaku Sako,2013/02/22 09:14:14 +0100,0.190208333,0.190208333,"['optim', 'queri', 'host', 'inform', 'server']","['work', 'optim', 'queri', 'get', 'host', 'inform', 'top', 'bug']",1.2.2,1.2.2,0,2,13,1,2,2,0,0,0,0,0,0,0,0,
66,1499,Bug,Resolved,Fixed,ambari-web   ,Critical,Yusaku Sako,2013/02/26 07:14:00 +0100,2013/02/26 22:06:07 +0100,Yusaku Sako,2013/02/26 23:59:46 +0100,0.6984490740000001,0.078923611,"['add', 'host', 'broken']","['due', 'perform', 'enhanc', 'queri', 'host', 'host', 'disk', 'info', 'host', 'ad', 'expect', 'add', 'host', 'wizard', 'miss']",1.2.2,1.2.2,0,2,26,1,2,2,0,0,0,0,1,0,0,0,
67,1582,Bug,Resolved,Fixed,ambari-server   ,Blocker,Siddharth Wagle,2013/03/08 00:41:11 +0100,2013/03/08 00:41:11 +0100,Siddharth Wagle,2013/03/08 01:18:09 +0100,0.025671296,0.025671296,"['start', 'hadoop', 'servic', 'hdfs', 'configur', 'amabri', 'server', 'restart']","['start', 'hadoop', 'servic', 'sever', 'restart', 'sinc', 'agent']",1.2.2,1.2.2,0,2,10,1,5,2,0,0,0,0,0,0,0,0,
68,1621,Bug,Resolved,Fixed,ambari-web   ,Major,Yusaku Sako,2013/03/13 02:32:13 +0100,2013/03/13 02:32:13 +0100,Yusaku Sako,2013/03/14 01:01:41 +0100,0.93712963,0.93712963,"['config', 'reconfig', 'ui', 'allow', 'certain', 'config', 'host', 'level', 'overrid']",[],1.2.3,1.2.3,0,2,1,1,2,2,0,0,0,0,0,0,0,0,
69,1702,Bug,Resolved,Fixed,ambari-server   ,Major,Siddharth Wagle,2013/03/25 18:49:30 +0100,2013/03/25 18:49:30 +0100,Siddharth Wagle,2013/04/18 23:23:58 +0100,24.19060185,24.19060185,"['ambari', 'gsinstal', 'need', 'set', 'valu', 'mapr', 'jobtrack', 'completeuserjob', 'maximum']","['mapr', 'jobtrack', 'completeuserjob', 'maximum', 'current', 'set', 'caus', 'issu', 'fail', 'success', 'job', 'pig', 'job', 'submitt', 'refer', 'fail', 'job', 'clear', 'asap', 'jobtrack', 'prevent', 'one', 'access', 'failur', 'reason', 'valu', 'bump', 'accord', 'mapreduc', 'team']",1.2.3,1.2.3,0,2,52,1,5,2,0,0,0,0,0,0,0,0,
70,1838,Bug,Resolved,Fixed,ambari-web   ,Critical,Jaimin D Jetly,2013/04/08 19:48:57 +0100,2013/04/08 19:48:57 +0100,Jaimin D Jetly,2013/04/08 20:09:52 +0100,0.014525463,0.014525463,"['cluster', 'manag', 'servic', 'mapreduc', 'config', 'throw', 'js', 'error', 'page', 'come', 'blank']",[],1.2.3,1.2.3,0,2,1,1,2,2,1,0,0,0,0,0,0,0,
71,1896,Bug,Resolved,Fixed,ambari-web   ,Major,Srimanth Gunturi,2013/04/11 21:03:20 +0100,2013/04/11 21:03:20 +0100,Srimanth Gunturi,2013/04/11 22:08:12 +0100,0.045046296,0.045046296,"['disabl', 'edit', 'capac', 'schedul', 'host', 'config']","['go', 'config', 'tab', 'host', 'result', 'queue', 'capac', 'schedul', 'categori', 'edit', 'expect', 'queue', 'capac', 'schedul', 'categori', 'edit']",1.2.3,1.2.3,0,2,21,1,2,2,1,0,0,0,0,0,0,0,
72,1904,Improvement,Resolved,Fixed,ambari-web   ,Major,Yusaku Sako,2013/04/12 01:30:03 +0100,2013/04/12 01:30:03 +0100,Yusaku Sako,2013/04/15 23:22:18 +0100,3.911284722,3.911284722,"['updat', 'default', 'stack', 'version']",[],1.2.3,1.2.3,0,3,1,1,2,2,1,0,0,0,0,0,0,0,
73,1917,Bug,Resolved,Fixed,   ,Major,Jaimin D Jetly,2013/04/12 20:48:41 +0100,2013/04/12 20:48:41 +0100,Jaimin D Jetly,2013/04/12 22:27:04 +0100,0.06832175900000001,0.068321759,"['ambari', 'core', 'site', 'xml', 'miss', 'properti', 'lzo', 'enabl', 'io', 'compress', 'codec']",[],1.2.3,1.2.3,0,2,1,1,2,2,1,0,0,0,0,0,0,0,
74,1924,Bug,Resolved,Fixed,   ,Major,Sumit Mohanty,2013/04/12 23:51:45 +0100,2013/04/12 23:51:45 +0100,Sumit Mohanty,2013/04/26 18:39:46 +0100,13.78334491,13.78334491,"['allow', 'user', 'custom', 'ganglia', 'gmetad', 'gmond', 'user', 'account']","['allow', 'custom', 'ganglia', 'gmetad', 'gmond', 'user', 'refer', 'look', 'like', 'avail', 'gsinstal', 'pattern', 'exist', 'follow', 'ambari', 'impl', 'default', 'nobodi', 'nobodi']",1.2.3,1.2.3,0,3,28,1,3,3,1,0,0,0,0,0,0,0,
75,1948,Bug,Resolved,Fixed,ambari-agent   ,Major,Siddharth Wagle,2013/04/16 22:40:09 +0100,2013/04/16 22:40:09 +0100,Siddharth Wagle,2013/04/16 23:35:26 +0100,0.038391204,0.038391204,"['system', 'log', 'present', 'tasktrack']","['run', 'mapreduc', 'job', 'find', 'attempt', 'id', 'look', 'system', 'log', 'tasktrack', 'result', 'syslog', 'present', 'stdout', 'stderr', 'log', 'present']",1.2.3,1.2.3,0,2,29,1,1,1,1,0,0,0,0,0,0,0,
76,1957,Bug,Resolved,Fixed,ambari-web   ,Major,Yusaku Sako,2013/04/18 00:03:34 +0100,2013/04/18 00:03:34 +0100,Yusaku Sako,2013/04/18 02:43:02 +0100,0.11074074099999999,0.110740741,"['host', 'tabl', 'whether', 'alert', 'filter', 'effect', 'clear']","['current', 'red', 'badg', 'insid', 'host', 'tab', 'click', 'show', 'host', 'least', 'one', 'alert', 'host', 'display', 'fact', 'alert', 'filter', 'effect', 'clear', 'user', 'caus', 'confus']",1.2.3,1.2.3,0,2,43,1,2,2,0,0,0,0,0,0,0,0,
77,1980,Bug,Resolved,Fixed,   ,Major,Nate Cole,2013/04/18 22:12:26 +0100,2013/04/18 22:12:26 +0100,Nate Cole,2013/04/18 23:38:09 +0100,0.059525463,0.059525463,"['nagio', 'unavail', 'return', 'null', 'instead', 'throw', 'except']","['nagio', 'server', 'alert', 'retriev', 'nagio', 'server', 'request', 'host', 'compon', 'systemexcept', 'thrown', 'case', 'ioexcept', 'propag', 'error', 'entir', 'request', 'case', 'set', 'nagio', 'alert', 'element', 'null', 'instead', 'error']",1.2.3,1.2.3,0,2,46,1,3,2,0,0,0,0,0,0,0,0,
78,1997,Bug,Resolved,Fixed,ambari-web   ,Major,Yusaku Sako,2013/04/23 22:41:16 +0100,2013/04/23 22:41:16 +0100,Yusaku Sako,2013/04/24 00:10:34 +0100,0.062013889,0.062013889,"['filter', 'host', 'get', 'sync', 'filter', 'select']","['brows', 'host', 'click', 'one', 'filter', 'brows', 'servic', 'back', 'host', 'filter', 'link', 'show', 'current', 'filter', 'filter', 'reset', 'still', 'show', 'sub', 'set', 'host']",1.2.3,1.2.3,0,2,37,1,2,2,0,0,0,0,0,0,0,0,
79,2001,Bug,Resolved,Fixed,ambari-web   ,Major,Yusaku Sako,2013/04/23 22:42:40 +0100,2013/04/23 22:42:40 +0100,Yusaku Sako,2013/04/24 00:14:40 +0100,0.063888889,0.063888889,"['filter', 'job', 'tabl', 'work', 'certain', 'situat']",[],1.2.3,1.2.3,0,2,1,1,2,2,1,0,0,0,0,0,0,0,
80,2013,Bug,Resolved,Fixed,   ,Major,Nate Cole,2013/04/24 13:20:45 +0100,2013/04/24 13:20:45 +0100,Nate Cole,2013/04/24 17:36:03 +0100,0.177291667,0.177291667,"['delet', 'cluster', 'compon', 'unknown', 'state']","['compon', 'mark', 'unknown', 'state', 'possibl', 'delet', 'cluster', 'possibl']",1.2.3,1.2.3,0,2,21,1,3,2,0,0,0,0,0,0,0,0,
81,2027,Improvement,Resolved,Fixed,ambari-web   ,Major,Yusaku Sako,2013/04/26 00:42:18 +0100,2013/04/26 00:42:18 +0100,Yusaku Sako,2013/04/27 04:02:52 +0100,1.139282407,1.139282407,"['add', 'valid', 'check', 'add', 'properti', 'custom', 'site', 'config']",[],1.2.3,1.2.3,0,2,1,1,2,2,1,0,0,0,0,0,0,0,
82,2029,Bug,Resolved,Fixed,ambari-web   ,Major,Yusaku Sako,2013/04/26 00:46:51 +0100,2013/04/26 00:46:51 +0100,Yusaku Sako,2013/04/27 04:05:10 +0100,1.137719907,1.137719907,"['error', 'load', 'main', 'servic', 'direct']",[],1.2.3,1.2.3,0,2,1,1,2,2,0,0,0,0,0,0,0,0,
83,2031,Bug,Resolved,Fixed,infra   ,Major,Giridharan Kesavan,2013/04/26 16:08:39 +0100,2013/04/26 16:08:39 +0100,Giridharan Kesavan,2013/04/30 19:02:34 +0100,4.120775463,4.120775463,"['add', 'clover', 'code', 'coverag', 'profil']","['mvn', 'test', 'pclover', 'dclover', 'licens', 'lt', 'clover', 'coverag', 'licens', 'gt', 'run', 'unit', 'test', 'return', 'html', 'xml', 'code', 'coverag', 'report']",1.3.0,,0,2,16,1,3,2,0,0,0,0,0,0,0,0,
84,2061,Improvement,Resolved,Fixed,ambari-web   ,Minor,Yusaku Sako,2013/05/01 02:48:52 +0100,2013/05/01 02:48:52 +0100,Yusaku Sako,2013/05/01 22:26:48 +0100,0.8180092590000001,0.818009259,"['hbase', 'heatmap', 'clean', 'label', 'unit']",[],1.2.3,1.2.3,0,2,1,1,2,2,0,0,0,0,0,0,0,0,
85,2103,Improvement,Resolved,Fixed,ambari-web   ,Major,Jeff Sposetti,2013/05/10 21:11:53 +0100,2013/06/18 21:56:58 +0100,Dmitry Lysnichenko,2013/06/18 21:59:07 +0100,39.03280093,0.001493056,"['support', 'configur', 'run', 'ambari', 'web', 'server', 'https']","['need', 'abl', 'run', 'ambari', 'web', 'access', 'ambari', 'rest', 'api', 'https', 'document', 'assum', 'user', 'come', 'certif', 'user', 'also', 'abl', 'configur', 'port', 'expos', 'https']",1.2.0; 1.2.1; 1.2.2; 1.2.3,1.2.5,0,3,39,1,2,2,0,1,0,0,0,0,0,0,
86,2130,Improvement,Resolved,Fixed,ambari-server   ,Major,Trevor McKay,2013/05/14 20:09:55 +0100,2013/07/17 20:24:14 +0100,Erin A Boyd,2013/07/18 00:18:56 +0100,64.17292824,0.162986111,"['use', 'modifi', 'depend', 'stack', 'contain', 'hcfs', 'servic', 'hadoop', 'compat', 'file', 'system']","['use', 'stack', 'metadata', 'determin', 'stack', 'contain', 'hcfs', 'servic', 'generat', 'modifi', 'rolecommandord', 'depend']",1.2.2,1.2.5,0,5,20,1,22,3,0,0,1,0,0,0,0,0,
87,2134,Bug,Resolved,Fixed,ambari-server   ,Major,Jaimin D Jetly,2013/05/14 22:02:47 +0100,2013/05/14 22:07:20 +0100,Jaimin D Jetly,2013/05/14 23:12:56 +0100,0.048715278,0.045555556,"['set', 'default', 'valu', 'oozi', 'properti', 'oozi', 'servic', 'authorizationservic', 'author', 'enabl', 'true']",[],1.2.4,1.2.4,0,2,1,1,2,2,0,0,0,0,0,0,0,0,
88,2143,Bug,Resolved,Fixed,   ,Major,Sumit Mohanty,2013/05/16 18:12:05 +0100,2013/05/16 18:12:05 +0100,Sumit Mohanty,2013/05/16 18:16:12 +0100,0.002858796,0.002858796,"['hbase', 'fail', 'start', 'master']","['hbase', 'master', 'fail', 'start', 'master', 'log', 'fatal', 'org', 'apach', 'hadoop', 'hbase', 'master', 'hmaster', 'unhandl', 'except', 'start', 'shutdown', 'org', 'apach', 'hadoop', 'secur', 'accesscontrolexcept', 'org', 'apach', 'hadoop', 'secur', 'accesscontrolexcept', 'permiss', 'deni', 'user', 'hbase', 'access', 'execut', 'inod', 'app', 'hbase', 'data', 'hdfs', 'hdfs', 'drwx', 'sun', 'reflect', 'nativeconstructoraccessorimpl', 'newinst', 'nativ', 'method', 'sun', 'reflect', 'nativeconstructoraccessorimpl', 'newinst', 'nativeconstructoraccessorimpl', 'java', 'sun', 'reflect', 'delegatingconstructoraccessorimpl', 'newinst', 'delegatingconstructoraccessorimpl', 'java', 'java', 'lang', 'reflect', 'constructor', 'newinst', 'constructor', 'java', 'org', 'apach', 'hadoop', 'ipc', 'remoteexcept', 'instantiateexcept', 'remoteexcept', 'java', 'org', 'apach', 'hadoop', 'ipc', 'remoteexcept', 'unwrapremoteexcept', 'remoteexcept', 'java', 'org', 'apach', 'hadoop', 'hdfs', 'dfsclient', 'getfileinfo', 'dfsclient', 'java', 'org', 'apach', 'hadoop', 'hdfs', 'distributedfilesystem', 'getfilestatus', 'distributedfilesystem', 'java', 'org', 'apach', 'hadoop', 'fs', 'filesystem', 'exist', 'filesystem', 'java', 'org', 'apach', 'hadoop', 'hbase', 'util', 'fsutil', 'getvers', 'fsutil', 'java', 'org', 'apach', 'hadoop', 'hbase', 'util', 'fsutil', 'checkvers', 'fsutil', 'java', 'org', 'apach', 'hadoop', 'hbase', 'master', 'masterfilesystem', 'checkrootdir', 'masterfilesystem', 'java', 'org', 'apach', 'hadoop', 'hbase', 'master', 'masterfilesystem', 'createinitialfilesystemlayout', 'masterfilesystem', 'java', 'org', 'apach', 'hadoop', 'hbase', 'master', 'masterfilesystem', 'lt', 'init', 'gt', 'masterfilesystem', 'java', 'org', 'apach', 'hadoop', 'hbase', 'master', 'hmaster', 'finishiniti', 'hmaster', 'java', 'org', 'apach', 'hadoop', 'hbase', 'master', 'hmaster', 'run', 'hmaster', 'java', 'java', 'lang', 'thread', 'run', 'thread', 'java']",1.2.4,1.2.4,0,2,63,1,1,1,0,0,0,0,0,0,0,0,
89,2152,Bug,Resolved,Fixed,ambari-web   ,Major,Yusaku Sako,2013/05/17 00:41:25 +0100,2013/05/17 00:41:25 +0100,Yusaku Sako,2013/05/17 01:29:01 +0100,0.033055556,0.033055556,"['sometim', 'stale', 'host', 'host', 'compon', 'indic', 'shown']",[],1.2.3,1.2.4,0,2,1,1,2,2,0,0,0,0,0,0,0,0,
90,2180,Bug,Resolved,Fixed,   ,Major,Mahadev konar,2013/05/22 02:29:55 +0100,2013/05/22 02:29:55 +0100,Mahadev konar,2013/05/22 02:36:28 +0100,0.004548611,0.004548611,"['remov', 'stack', 'definit', 'sinc', 'never', 'use', 'redund']","['remov', 'stack', 'definit', 'sinc', 'never', 'use', 'redund']",1.2.4,1.2.4,0,2,12,1,3,2,0,0,0,0,0,0,0,0,
91,2188,Bug,Resolved,Fixed,ambari-web   ,Major,Srimanth Gunturi,2013/05/22 23:00:38 +0100,2013/05/22 23:00:38 +0100,Srimanth Gunturi,2013/05/22 23:27:11 +0100,0.0184375,0.0184375,"['updat', 'mock', 'json', 'data', 'test', 'mode']",[],1.2.4,1.4.0,0,2,1,1,1,1,0,0,0,0,0,0,0,0,
92,2195,Bug,Resolved,Fixed,   ,Blocker,Vikram Dixit K,2013/05/24 00:30:36 +0100,2013/06/03 14:01:32 +0100,Myroslav Papirkovskyy,2013/06/04 19:48:12 +0100,11.80388889,1.240740741,"['ambari', 'deadlock', 'instal', 'reboot', 'cluster', 'node']","['java', 'stack', 'inform', 'thread', 'list', 'thread', 'org', 'apach', 'ambari', 'server', 'state', 'serviceimpl', 'getdesiredconfig', 'serviceimpl', 'java', 'wait', 'lock', 'lt', 'gt', 'org', 'apach', 'ambari', 'server', 'state', 'serviceimpl', 'enhancerbyguic', 'e', 'acafa', 'org', 'apach', 'ambari', 'server', 'state', 'servicecomponentimpl', 'getdesiredconfig', 'servicecomponentimpl', 'java', 'lock', 'lt', 'gt', 'org', 'apach', 'ambari', 'server', 'state', 'servicecomponentimpl', 'enhancerbyguic', 'af', 'c', 'org', 'apach', 'ambari', 'server', 'state', 'svccomphost', 'servicecomponenthostimpl', 'getdesiredconfig', 'servicecomponenthostimpl', 'java', 'org', 'apach', 'ambari', 'server', 'agent', 'heartbeatmonitor', 'generatestatuscommand', 'heartbeatmonitor', 'java', 'org', 'apach', 'ambari', 'server', 'agent', 'heartbeatmonitor', 'dowork', 'heartbeatmonitor', 'java', 'org', 'apach', 'ambari', 'server', 'agent', 'heartbeatmonitor', 'run', 'heartbeatmonitor', 'java', 'java', 'lang', 'thread', 'run', 'thread', 'java', 'main', 'org', 'apach', 'ambari', 'server', 'state', 'servicecomponentimpl', 'debugdump', 'servicecomponentimpl', 'java', 'wait', 'lock', 'lt', 'gt', 'org', 'apach', 'ambari', 'server', 'state', 'servicecomponentimpl', 'enhancerbyguic', 'af', 'c', 'org', 'apach', 'ambari', 'server', 'state', 'serviceimpl', 'debugdump', 'serviceimpl', 'java', 'lock', 'lt', 'gt', 'org', 'apach', 'ambari', 'server', 'state', 'serviceimpl', 'enhancerbyguic', 'e', 'acafa', 'org', 'apach', 'ambari', 'server', 'state', 'cluster', 'clusterimpl', 'debugdump', 'clusterimpl', 'java', 'org', 'apach', 'ambari', 'server', 'state', 'cluster', 'clustersimpl', 'debugdump', 'clustersimpl', 'java', 'org', 'apach', 'ambari', 'server', 'control', 'ambariserv', 'run', 'ambariserv', 'java', 'org', 'apach', 'ambari', 'server', 'control', 'ambariserv', 'main', 'ambariserv', 'java', 'found', 'deadlock']",1.2.4,1.2.4,0,3,58,1,2,2,0,0,0,0,1,0,0,0,
93,2207,Improvement,Resolved,Fixed,ambari-web   ,Major,Yusaku Sako,2013/05/28 23:22:27 +0100,2013/05/28 23:22:27 +0100,Yusaku Sako,2013/05/29 03:01:21 +0100,0.152013889,0.152013889,"['add', 'unit', 'test', 'util']",[],1.2.5,1.2.5,0,2,1,1,2,2,0,0,0,0,0,0,0,0,
94,2208,Bug,Resolved,Fixed,ambari-web   ,Major,Yusaku Sako,2013/05/28 23:26:14 +0100,2013/05/28 23:26:14 +0100,Yusaku Sako,2013/05/29 03:03:00 +0100,0.15053240699999998,0.150532407,"['reassign', 'master', 'wizard', 'refresh', 'page', 'step', 'break', 'wizard']",[],1.3.0,1.3.0,0,2,1,1,2,2,0,0,0,0,0,0,0,0,
95,2228,Bug,Resolved,Fixed,   ,Major,Sumit Mohanty,2013/05/30 15:13:58 +0100,2013/05/30 15:13:58 +0100,Sumit Mohanty,2013/05/30 17:54:40 +0100,0.111597222,0.111597222,"['fix', 'mysql', 'oracl', 'ddl', 'script', 'accord', 'last', 'db', 'chang']","['user', 'name', 'column', 'ad', 'clusterconfigmap', 'hostconfigmap', 'tabl', 'chang', 'made', 'ddl', 'script', 'oracl', 'mysql', 'also']",1.2.4,1.2.4,0,2,22,1,1,1,0,0,0,0,0,0,0,0,
96,2260,Bug,Resolved,Fixed,   ,Major,Tom Beerbower,2013/06/03 17:26:31 +0100,2013/06/03 17:26:31 +0100,Tom Beerbower,2013/06/03 18:53:42 +0100,0.060543981,0.060543981,"['bad', 'host', 'queri', 'exampl', 'api', 'doc']","['exampl', 'host', 'href', 'host', 'cluster', 'name', 'c', 'host', 'name', 'cluster', 'host', 'href', 'host', 'cluster', 'name', 'c', 'host', 'name', 'anoth', 'cluster', 'host', 'read', 'host', 'href', 'host', 'cluster', 'name', 'c', 'host', 'name', 'host', 'href', 'host', 'cluster', 'name', 'c', 'host', 'name', 'anoth', 'host']",1.2.4,1.2.5,0,2,120,1,4,2,0,0,0,0,0,0,2,3,ambari-server/docs/api/v1/clusters-cluster.md;ambari-server/docs/api/v1/index.md;ambari-server/docs/api/v1/index.md;
97,2290,Bug,Resolved,Fixed,ambari-server   ,Critical,Dmytro Sen,2013/06/05 16:47:28 +0100,2013/06/05 16:47:28 +0100,Dmytro Sen,2013/06/05 18:13:00 +0100,0.059398148,0.059398148,"['ambari', 'upgrad', 'prcoess', 'preserv', 'old', 'config', 'add', 'new', 'config', 'option', 'old', 'config', 'file']","['ambari', 'upgrad', 'process', 'preserv', 'old', 'config', 'add', 'new', 'config', 'option', 'old', 'config', 'file', 'current', 'way', 'around', 'copi', 'need', 'properti', 'old', 'config', 'file', 'wrong', 'need', 'use', 'older', 'config', 'file', 'add', 'new', 'option', 'old', 'config', 'file', 'older', 'config', 'file', 'kind', 'config', 'option', 'user', 'might', 'use', 'realli', 'realli', 'keep', 'mind', 'usabl', 'product', 'fix', 'issu']",1.2.5,1.2.5,0,2,96,1,1,1,1,0,0,0,0,0,0,0,
98,2375,Improvement,Resolved,Fixed,ambari-web   ,Major,Andrii Tkach,2013/06/13 11:08:43 +0100,2013/06/13 11:08:43 +0100,Andrii Tkach,2013/06/14 18:52:42 +0100,1.322210648,1.322210648,"['unit', 'test', 'ad', 'test', 'model']","['ad', 'unit', 'test', 'model', 'rack', 'host', 'hostcompon']",1.2.5,1.2.5,0,3,8,1,5,3,1,0,0,0,0,0,0,0,
99,2414,Bug,Resolved,Fixed,ambari-web   ,Major,Oleg Nechiporenko,2013/06/18 12:19:01 +0100,2013/06/18 12:19:01 +0100,Oleg Nechiporenko,2013/06/19 00:50:21 +0100,0.521759259,0.521759259,"['hdfs', 'config', 'page', 'broken', 'testmod', 'trunk']","['hdfs', 'config', 'page', 'post', 'instal', 'load', 'app', 'testmod', 'true']",1.2.5,1.2.5,0,3,11,1,3,3,0,0,0,0,0,0,0,0,
100,2447,Bug,Resolved,Fixed,ambari-server   ,Major,Dmitry Lysnichenko,2013/06/20 14:58:49 +0100,2013/06/27 18:52:27 +0100,Vitaly Brodetskyi,2013/07/02 20:42:05 +0100,12.23837963,5.076134259,"['upgrad', 'fail', 'ddl', 'script', 'work', 'metainfo', 'version', 'chang', 'broken']","['upgrad', 'fail', 'ddl', 'script', 'work', 'metainfo', 'version', 'chang', 'broken', 'need', 'thorugh', 'test', 'around', 'pleas', 'make', 'sure', 'test', 'upgrad']",1.2.5,1.2.5,0,4,38,1,3,3,0,0,0,0,0,0,0,0,
101,2465,Improvement,Resolved,Fixed,ambari-web   ,Major,Srimanth Gunturi,2013/06/21 23:29:01 +0100,2013/06/21 23:29:01 +0100,Srimanth Gunturi,2013/06/21 23:41:18 +0100,0.008530093,0.008530093,"['creat', 'command', 'line', 'script', 'manipul', 'ambari', 'configur', 'get', 'set', 'add', 'delet']","['need', 'script', 'manual', 'set', 'config', 'ui', 'abl', 'support']",1.2.5,1.2.5,0,2,20,1,2,2,1,0,0,0,0,0,0,0,
102,2475,Bug,Resolved,Fixed,   ,Major,Ximo Guanter,2013/06/24 10:09:58 +0100,2014/02/24 20:51:01 +0100,Ximo Guanter,2014/03/03 02:24:42 +0100,251.67689810000002,6.231724537,"['ambari', 'bootstrap', 'action', 'report', 'success', 'even', 'failur', 'happen']","['sometim', 'bootstrap', 'action', 'report', 'success', 'even', 'fail', 'host', 'task', 'lt', 'bootstraprequest', 'gt', 'lt', 'status', 'gt', 'success', 'lt', 'status', 'gt', 'lt', 'hostsstatus', 'gt', 'lt', 'hostnam', 'gt', 'andromeda', 'hi', 'inet', 'lt', 'hostnam', 'gt', 'lt', 'status', 'gt', 'fail', 'lt', 'status', 'gt', 'lt', 'statuscod', 'gt', 'lt', 'statuscod', 'gt', 'lt', 'log', 'gt', 'lt', 'log', 'gt', 'lt', 'hostsstatus', 'gt', 'lt', 'hostsstatus', 'gt', 'lt', 'hostnam', 'gt', 'andromeda', 'hi', 'inet', 'lt', 'hostnam', 'gt', 'lt', 'status', 'gt', 'fail', 'lt', 'status', 'gt', 'lt', 'statuscod', 'gt', 'lt', 'statuscod', 'gt', 'lt', 'log', 'gt', 'lt', 'log', 'gt', 'lt', 'hostsstatus', 'gt', 'lt', 'log', 'gt', 'lt', 'log', 'gt', 'lt', 'bootstraprequest', 'gt']",1.3.0,1.5.0,0,2,65,1,4,2,1,0,0,0,0,0,0,0,
103,2525,Bug,Resolved,Fixed,ambari-server   ,Major,Dmitry Lysnichenko,2013/07/01 15:14:01 +0100,2013/07/01 15:14:01 +0100,Dmitry Lysnichenko,2013/07/02 16:26:10 +0100,1.050104167,1.050104167,"['add', 'help', 'messag', 'abl', 'download', 'jdk', 'setup', 'option', 'user', 'abl', 'specifi', 'jdk']","['add', 'help', 'messag', 'abl', 'download', 'jdk', 'setup', 'option', 'user', 'abl', 'specifi', 'jdk']",1.2.5,1.2.5,0,3,22,1,2,2,0,0,0,0,0,0,0,0,
104,2545,Bug,Resolved,Fixed,ambari-agent   ,Critical,Dmitry Lysnichenko,2013/07/02 20:56:50 +0100,2013/07/02 20:56:50 +0100,Dmitry Lysnichenko,2013/07/02 22:00:16 +0100,0.044050926,0.044050926,"['regress', 'agent', 'extern', 'hostnam', 'verifi', 'bootstrap', 'warn']","['confirm', 'host', 'use', 'extern', 'address', 'bootstrap', 'fail', 'immedi', 'warn', 'log', 'right', 'function', 'broken', 'neither', 'warn', 'log', 'fail', 'immedi', 'present']",1.2.5,1.2.5,0,3,31,1,2,2,0,0,0,0,0,0,0,0,
105,2590,Bug,Resolved,Fixed,   ,Major,Xi Wang,2013/07/08 22:16:06 +0100,2013/07/08 22:16:06 +0100,Xi Wang,2013/07/09 22:57:34 +0100,1.0287962959999999,1.028796296,"['js', 'error', 'delet', 'widget', 'sort', 'remov', 'edit', 'sign']",[],1.2.5,1.2.5,0,2,1,1,3,2,0,0,0,0,0,0,0,0,
106,2595,Bug,Resolved,Fixed,ambari-web   ,Major,Andrii Tkach,2013/07/09 11:44:22 +0100,2013/07/09 11:44:22 +0100,Andrii Tkach,2013/07/09 21:50:23 +0100,0.42084490700000005,0.420844907,"['properti', 'name', 'ad', 'differ', 'custom', 'site', 'xml']","['step', 'instal', 'wizard', 'go', 'custom', 'servic', 'page', 'select', 'hdfs', 'tab', 'add', 'custom', 'properti', 'xxx', 'custom', 'core', 'site', 'xml', 'panel', 'tri', 'add', 'custom', 'properti', 'xxx', 'custom', 'hdfs', 'site', 'xml', 'panel', 'result', 'custom', 'properti', 'ad', 'custom', 'hdfs', 'site', 'xml', 'panel', 'see', 'attach', 'step', 'ambari', 'monitor', 'ui', 'go', 'custom', 'servic', 'page', 'select', 'hdfs', 'tab', 'add', 'custom', 'properti', 'custom', 'core', 'site', 'xml', 'panel', 'exampl', 'instal', 'test', 'core', 'site', 'continu', 'end', 'hadoop', 'instal', 'go', 'servic', 'page', 'select', 'mapreduc', 'tab', 'tri', 'add', 'custom', 'properti', 'instal', 'test', 'core', 'site', 'custom', 'mapr', 'site', 'xml', 'panel', 'result', 'custom', 'properti', 'ad', 'custom', 'mapr', 'site', 'xml', 'panel', 'see', 'attach']",1.2.5,1.2.5,0,3,81,1,2,2,0,0,0,0,0,0,1,1,ambari-web/app/views/common/configs/services_config.js;
107,2605,Bug,Resolved,Fixed,ambari-agent   ,Major,Siddharth Wagle,2013/07/09 23:46:06 +0100,2013/07/09 23:46:06 +0100,Siddharth Wagle,2013/07/10 01:01:58 +0100,0.052685185,0.052685185,"['kdestroy', 'requir', 'zookeep', 'smoke', 'test']","['zookeep', 'smoke', 'test', 'pass', 'without', 'kdestroy', 'user', 'run', 'smoke', 'test']",1.2.5,1.2.5,0,2,15,1,2,2,0,0,0,0,0,0,0,0,
108,2631,Bug,Resolved,Fixed,ambari-server   ,Major,Oleksandr Diachenko,2013/07/11 20:30:58 +0100,2013/07/12 05:23:45 +0100,Sumit Mohanty,2013/07/12 05:29:14 +0100,0.37379629600000003,0.00380787,"['host', 'cleanup', 'left', 'two', 'packag', 'ambari', 'log', 'j', 'libconfus']",[],1.2.5,1.2.5,0,4,1,1,4,3,1,0,0,0,0,0,0,0,
109,2643,Improvement,Resolved,Fixed,   ,Major,Nate Cole,2013/07/12 17:56:25 +0100,2013/07/12 17:56:25 +0100,Nate Cole,2013/07/12 19:31:55 +0100,0.066319444,0.066319444,"['read', 'timeout', 'issu', 'oracl', 'jdbc', 'connect', 'read', 'long', 'timeout']","['read', 'timeout', 'issu', 'oracl', 'jdbc', 'connect', 'read', 'long', 'timeout', 'happen', 'read', 'timeout', 'long', 'order', 'set', 'appropri', 'timeout', 'add', 'special', 'prefix', 'valu', 'ambari', 'properti']",1.2.5,1.2.5,0,2,34,1,4,2,1,0,0,0,1,0,0,0,
110,2644,Bug,Resolved,Fixed,ambari-server   ,Major,Siddharth Wagle,2013/07/12 21:03:41 +0100,2013/07/12 21:03:41 +0100,Siddharth Wagle,2013/07/12 21:51:03 +0100,0.032893518999999996,0.032893519,"['ambari', 'server', 'find', 'password', 'remot', 'databas', 'password', 'encrypt', 'enabl']","['perform', 'cluster', 'setup', 'propos', 'e', 'e', 'test', 'scenario', 'ambari', 'server', 'setupambari', 'server', 'setup', 'ldapambari', 'server', 'encrypt', 'passwordsambari', 'server', 'setup', 'httpsambari', 'server', 'startserv', 'start', 'complain', 'miss', 'password', 'file', 'db', 'password', 'alia', 'info', 'configur', 'generat', 'file', 'password', 'info', 'credentialprovid', 'action', 'gt', 'put', 'alia', 'gt', 'ambari', 'db', 'password', 'info', 'configur', 'read', 'password', 'exist', 'file', 'info', 'credentialprovid', 'action', 'gt', 'put', 'alia', 'gt', 'ambari', 'ldap', 'manag', 'password', 'info', 'configur', 'read', 'password', 'exist', 'file', 'info', 'configur', 'api', 'ssl', 'authent', 'turn', 'info', 'configur', 'read', 'password', 'exist', 'file', 'info', 'configur', 'host', 'map', 'file', 'null', 'info', 'hostsmap', 'use', 'hostsmap', 'file', 'null', 'info', 'masterkeyserviceimpl', 'load', 'persist', 'master', 'fri', 'jul', 'info', 'ambariserv', 'get', 'control', 'info', 'certificatemanag', 'initi', 'root', 'certif', 'info', 'certificatemanag', 'certif', 'exist', 'fals', 'info', 'certificatemanag', 'generat', 'server', 'certif', 'info', 'shellcommandutil', 'command', 'openssl', 'genrsa', 'des', 'passout', 'pass', 'n', 'kv', 'q', 'awrzip', 'xajptdbtako', 'hhwistuaopzqdxyccheckg', 'var', 'lib', 'ambari', 'server', 'key', 'ca', 'key', 'finish', 'exit', 'code', 'oper', 'complet', 'success', 'info', 'shellcommandutil', 'command', 'openssl', 'req', 'passin', 'pass', 'n', 'kv', 'q', 'awrzip', 'xajptdbtako', 'hhwistuaopzqdxyccheckg', 'new', 'key', 'var', 'lib', 'ambari', 'server', 'key', 'ca', 'key', 'var', 'lib', 'ambari', 'server', 'key', 'ca', 'crt', 'batch', 'finish', 'exit', 'code', 'oper', 'complet', 'success', 'info', 'shellcommandutil', 'command', 'openssl', 'x', 'passin', 'pass', 'n', 'kv', 'q', 'awrzip', 'xajptdbtako', 'hhwistuaopzqdxyccheckg', 'req', 'day', 'var', 'lib', 'ambari', 'server', 'key', 'ca', 'crt', 'signkey', 'var', 'lib', 'ambari', 'server', 'key', 'ca', 'key', 'var', 'lib', 'ambari', 'server', 'key', 'ca', 'crt', 'finish', 'exit', 'code', 'oper', 'complet', 'success', 'info', 'shellcommandutil', 'command', 'openssl', 'pkcs', 'export', 'var', 'lib', 'ambari', 'server', 'key', 'ca', 'crt', 'inkey', 'var', 'lib', 'ambari', 'server', 'key', 'ca', 'key', 'certfil', 'var', 'lib', 'ambari', 'server', 'key', 'ca', 'crt', 'var', 'lib', 'ambari', 'server', 'key', 'keystor', 'p', 'password', 'pass', 'n', 'kv', 'q', 'awrzip', 'xajptdbtako', 'hhwistuaopzqdxyccheckg', 'passin', 'pass', 'n', 'kv', 'q', 'awrzip', 'xajptdbtako', 'hhwistuaopzqdxyccheckg', 'finish', 'exit', 'code', 'oper', 'complet', 'success', 'info', 'ambariserv', 'meta', 'info', 'initi', 'info', 'clustersimpl', 'initi', 'clustersimpl', 'error', 'configur', 'error', 'read', 'credenti', 'store', 'error', 'configur', 'read', 'password', 'alia', 'etc', 'ambari', 'server', 'conf', 'password', 'dat', 'error', 'ambariserv', 'fail', 'run', 'ambari', 'serverjava', 'lang', 'runtimeexcept', 'unabl', 'read', 'databas', 'password', 'org', 'apach', 'ambari', 'server', 'configur', 'configur', 'readpasswordfromfil', 'configur', 'java', 'org', 'apach', 'ambari', 'server', 'configur', 'configur', 'getrcadatabasepassword', 'configur', 'java', 'org', 'apach', 'ambari', 'eventdb', 'webservic', 'workflowjsonservic', 'setdbproperti', 'workflowjsonservic', 'java', 'org', 'apach', 'ambari', 'server', 'control', 'ambariserv', 'performstaticinject', 'ambariserv', 'java', 'org', 'apach', 'ambari', 'server', 'control', 'ambariserv', 'run', 'ambariserv', 'java', 'org', 'apach', 'ambari', 'server', 'control', 'ambariserv', 'main', 'ambariserv', 'java', 'caus', 'java', 'io', 'filenotfoundexcept', 'file', 'etc', 'ambari', 'server', 'conf', 'password', 'dat', 'exist', 'org', 'apach', 'common', 'io', 'fileutil', 'openinputstream', 'fileutil', 'java', 'org', 'apach', 'common', 'io', 'fileutil', 'readfiletostr', 'fileutil', 'java', 'org', 'apach', 'common', 'io', 'fileutil', 'readfiletostr', 'fileutil', 'java', 'org', 'apach', 'ambari', 'server', 'configur', 'configur', 'readpasswordfromfil', 'configur', 'java', 'error', 'ambariserv', 'error', 'stop', 'serverjava', 'lang', 'nullpointerexcept', 'org', 'apach', 'ambari', 'server', 'control', 'ambariserv', 'stop', 'ambariserv', 'java', 'org', 'apach', 'ambari', 'server', 'control', 'ambariserv', 'main', 'ambariserv', 'java', 'content', 'ambari', 'properti', 'server', 'jdbc', 'rca', 'driver', 'oracl', 'jdbc', 'driver', 'oracledriverauthent', 'ldap', 'managerdn', 'uid', 'hdfs', 'ou', 'peopl', 'ou', 'dev', 'dc', 'apach', 'dc', 'orgauthent', 'ldap', 'primaryurl', 'localhost', 'server', 'jdbc', 'rca', 'url', 'jdbc', 'oracl', 'thin', 'ip', 'ec', 'intern', 'xeserv', 'connect', 'max', 'idl', 'milli', 'server', 'jdbc', 'port', 'server', 'version', 'file', 'var', 'lib', 'ambari', 'server', 'resourc', 'versionserv', 'jdbc', 'rca', 'user', 'passwd', 'etc', 'ambari', 'server', 'conf', 'password', 'datapi', 'authent', 'truejc', 'polici', 'url', 'dc', 'orgserv', 'jdbc', 'user', 'passwd', 'alia', 'ambari', 'db', 'password', 'authent', 'ldap', 'managerpassword', 'alia', 'ambari', 'ldap', 'manag', 'password', 'server', 'jdbc', 'databas', 'oraclesecur', 'server', 'two', 'way', 'ssl', 'truefil', 'etc', 'ambari', 'server', 'conf', 'password', 'dat', 'missingsetup', 'flow', 'root', 'ip', 'kerb', 'ambari', 'server', 'setupus', 'python', 'usr', 'bin', 'python', 'initi', 'setup', 'ambari', 'servercheck', 'selinux', 'selinux', 'status', 'enabl', 'selinux', 'mode', 'enforc', 'temporarili', 'disabl', 'selinuxwarn', 'selinux', 'set', 'permiss', 'mode', 'temporarili', 'disabl', 'ok', 'continu', 'n', 'ycustom', 'user', 'account', 'ambari', 'server', 'daemon', 'n', 'n', 'yenter', 'user', 'account', 'ambari', 'server', 'daemon', 'root', 'ambar', 'serveradjust', 'ambari', 'server', 'permiss', 'ownership', 'check', 'iptabl', 'iptabl', 'disabl', 'pleas', 'reenabl', 'later', 'check', 'jdk', 'download', 'jdk', 'var', 'lib', 'ambari', 'server', 'resourc', 'jdk', 'u', 'linux', 'x', 'binjdk', 'distribut', 'size', 'bytesjdk', 'u', 'linux', 'x', 'bin', 'mb', 'mb', 'success', 'download', 'jdk', 'distribut', 'var', 'lib', 'ambari', 'server', 'resourc', 'jdk', 'u', 'linux', 'x', 'binto', 'instal', 'oracl', 'jdk', 'must', 'accept', 'licens', 'term', 'found', 'accept', 'cancel', 'ambari', 'server', 'setup', 'accept', 'oracl', 'binari', 'code', 'licens', 'agreement', 'n', 'instal', 'jdk', 'usr', 'jdk', 'success', 'instal', 'jdk', 'usr', 'jdk', 'jdk', 'download', 'jce', 'polici', 'archiv', 'var', 'lib', 'ambari', 'server', 'resourc', 'jce', 'polici', 'zipsuccess', 'download', 'jce', 'polici', 'archiv', 'var', 'lib', 'ambari', 'server', 'resourc', 'jce', 'polici', 'zipcomplet', 'setup', 'configur', 'databas', 'enter', 'advanc', 'databas', 'configur', 'n', 'n', 'yselect', 'databas', 'postgresql', 'embed', 'oracl', 'hostnam', 'localhost', 'ip', 'ec', 'internalport', 'select', 'oracl', 'identifi', 'type', 'servic', 'name', 'sid', 'xeinvalid', 'number', 'select', 'oracl', 'identifi', 'type', 'servic', 'name', 'sid', 'servic', 'name', 'ambari', 'xeusernam', 'ambari', 'enter', 'databas', 'password', 'bigdata', 'warn', 'start', 'ambari', 'server', 'must', 'copi', 'oracl', 'jdbc', 'driver', 'jar', 'file', 'usr', 'share', 'java', 'press', 'lt', 'enter', 'gt', 'continu', 'copi', 'jdbc', 'driver', 'server', 'resourc', 'configur', 'remot', 'databas', 'connect', 'properti', 'warn', 'find', 'oracl', 'sqlplus', 'client', 'path', 'load', 'ambari', 'server', 'schema', 'start', 'ambari', 'server', 'must', 'run', 'follow', 'ddl', 'databas', 'creat', 'schema', 'sqlplus', 'ambari', 'bigdata', 'lt', 'var', 'lib', 'ambari', 'server', 'resourc', 'ambari', 'ddl', 'oracl', 'creat', 'sql', 'press', 'lt', 'enter', 'gt', 'continu', 'warn', 'cli', 'foundambari', 'server', 'setup', 'complet', 'warn', 'root', 'ip', 'kerb', 'less', 'etc', 'passwd']",1.2.5,1.2.5,0,2,665,1,4,2,0,0,0,0,0,0,0,0,
111,2681,Bug,Resolved,Fixed,ambari-server   ,Major,Sumit Mohanty,2013/07/18 07:25:34 +0100,2013/07/18 07:25:34 +0100,Sumit Mohanty,2013/07/18 07:45:14 +0100,0.013657407,0.013657407,"['setup', 'ldap', 'valid', 'secondari', 'url']","['setup', 'ldap', 'valid', 'secondari', 'url', 'valid', 'input', 'enter', 'way', 'primari']",1.2.5,1.2.5,0,2,20,1,3,2,0,0,0,0,0,0,0,0,
112,2692,Improvement,Resolved,Fixed,ambari-web   ,Major,Aleksandr Kovalenko,2013/07/19 11:23:18 +0100,2013/07/19 11:23:18 +0100,Aleksandr Kovalenko,2013/07/23 21:50:02 +0100,4.435231481000001,4.435231481,"['disabl', 'show', 'report', 'issu']","['report', 'host', 'check', 'iss', 'look', 'like', 'host', 'check', 'report', 'generat', 'tue', 'jul', 'gmt', 'fle', 'daylight', 'time', 'host', 'space', 'delimit', 'list', 'host', 'issu', 'provid', 'administr', 'easili', 'copi', 'hostnam', 'script', 'email', 'etc', 'hostsshow', 'report', 'button', 'disabl', 'issu', 'least', 'show', 'host', 'section', 'report']",1.2.5,1.4.0,0,3,68,1,2,2,0,0,0,0,0,0,0,0,
113,2707,Bug,Resolved,Fixed,ambari-web   ,Major,Oleg Nechiporenko,2013/07/23 16:50:13 +0100,2013/07/23 16:50:13 +0100,Oleg Nechiporenko,2013/07/23 22:01:21 +0100,0.216064815,0.216064815,"['fix', 'js', 'unit', 'test', 'merg', 'trunk']",[],1.4.0,1.4.0,0,4,1,1,6,4,1,0,0,0,0,0,0,0,
114,2786,Bug,Resolved,Fixed,ambari-server   ,Major,Andrew Onischuk,2013/07/31 19:51:52 +0100,2013/07/31 19:51:52 +0100,Andrew Onischuk,2013/08/07 19:31:21 +0100,6.985752315,6.985752315,"['yarn', 'time', 'seri', 'data', 'need', 'nodemanag', 'status']","['need', 'api', 'call', 'graph', 'show', 'nodemanag', 'status', 'count', 'nodemanag', 'follow', 'state', 'activ', 'lost', 'unhealthi', 'reboot', 'decommiss']",1.4.0,1.4.0,0,4,26,1,6,4,1,0,0,0,0,0,0,0,
115,2799,Bug,Resolved,Fixed,ambari-web   ,Major,Oleg Nechiporenko,2013/08/02 17:19:21 +0100,2013/08/02 17:19:21 +0100,Oleg Nechiporenko,2013/08/02 19:47:06 +0100,0.102604167,0.102604167,"['yarn', 'servic', 'summari', 'addit', 'inform']","['need', 'show', 'addit', 'inform', 'across', 'cluster', 'memori', 'use', 'reserv', 'total', 'queue', 'inform', 'avail']",1.4.0,1.4.0,0,3,17,1,4,3,1,0,0,0,0,0,0,0,
116,2834,Bug,Resolved,Fixed,ambari-server   ,Major,Jaimin D Jetly,2013/08/07 18:06:15 +0100,2013/08/07 18:06:15 +0100,Jaimin D Jetly,2013/08/07 19:11:43 +0100,0.045462962999999995,0.045462963,"['util', 'script', 'generat', 'keytab', 'broken']","['keytab', 'tar', 'host', 'packag', 'includ', 'hostnam', 'untar', 'host', 'creat', 'path', 'start', 'lt', 'hostanm', 'gt', 'lt', 'actual', 'path', 'gt', 'fix', 'packag', 'content', 'insid', 'hostnam', 'directori', 'exclud', 'hostnam', 'directori']",1.4.0,1.4.0,0,2,35,1,2,1,0,0,0,0,0,0,0,0,
117,2864,Bug,Resolved,Fixed,ambari-agent   ,Major,Siddharth Wagle,2013/08/10 03:55:50 +0100,2013/08/10 03:55:50 +0100,Siddharth Wagle,2013/08/10 04:38:58 +0100,0.029953703999999998,0.029953704,"['host', 'registr', 'fail']","['host', 'registr', 'fail', 'info', 'control', 'py', 'unabl', 'connect', 'recent', 'call', 'last', 'file', 'usr', 'lib', 'python', 'site', 'packag', 'ambari', 'agent', 'control', 'py', 'line', 'registerwithserv', 'ret', 'json', 'load', 'respons', 'file', 'usr', 'lib', 'python', 'json', 'init', 'py', 'line', 'load', 'return', 'default', 'decod', 'decod', 'file', 'usr', 'lib', 'python', 'json', 'decod', 'py', 'line', 'decod', 'obj', 'end', 'self', 'raw', 'decod', 'idx', 'w', 'end', 'file', 'usr', 'lib', 'python', 'json', 'decod', 'py', 'line', 'raw', 'decod', 'rais', 'valueerror', 'json', 'object', 'could', 'decod', 'valueerror', 'json', 'object', 'could', 'decodedambari', 'server', 'log', 'show', 'warn', 'qtp', 'servlethandl', 'agent', 'v', 'regist', 'c', 'ambari', 'apach', 'orgcom', 'googl', 'gson', 'jsonsyntaxexcept', 'java', 'lang', 'illegalstateexcept', 'expect', 'string', 'begin', 'object', 'line', 'column', 'com', 'googl', 'gson', 'intern', 'bind', 'reflectivetypeadapterfactori', 'adapt', 'read', 'reflectivetypeadapterfactori', 'java', 'com', 'googl', 'gson', 'intern', 'bind', 'typeadapterruntimetypewrapp', 'read', 'typeadapterruntimetypewrapp', 'java', 'com', 'googl', 'gson', 'intern', 'bind', 'arraytypeadapt', 'read', 'arraytypeadapt', 'java', 'com', 'googl', 'gson', 'intern', 'bind', 'reflectivetypeadapterfactori', 'read', 'reflectivetypeadapterfactori', 'java', 'com', 'googl', 'gson', 'intern', 'bind', 'reflectivetypeadapterfactori', 'adapt', 'read', 'reflectivetypeadapterfactori', 'java', 'com', 'googl', 'gson', 'intern', 'bind', 'reflectivetypeadapterfactori', 'read', 'reflectivetypeadapterfactori', 'java', 'com', 'googl', 'gson', 'intern', 'bind', 'reflectivetypeadapterfactori', 'adapt', 'read', 'reflectivetypeadapterfactori', 'java', 'com', 'googl', 'gson', 'intern', 'bind', 'reflectivetypeadapterfactori', 'read', 'reflectivetypeadapterfactori', 'java', 'com', 'googl', 'gson', 'intern', 'bind', 'reflectivetypeadapterfactori', 'adapt', 'read', 'reflectivetypeadapterfactori', 'java', 'com', 'googl', 'gson', 'gson', 'fromjson', 'gson', 'java', 'com', 'googl', 'gson', 'gson', 'fromjson', 'gson', 'java', 'org', 'apach', 'ambari', 'server', 'api', 'gsonjsonprovid', 'readfrom', 'gsonjsonprovid', 'java', 'com', 'sun', 'jersey', 'spi', 'contain', 'containerrequest', 'getent', 'containerrequest', 'java', 'com', 'sun', 'jersey', 'server', 'impl', 'model', 'method', 'dispatch', 'entityparamdispatchprovid', 'entityinject', 'getvalu', 'entityparamdispatchprovid', 'java', 'com', 'sun', 'jersey', 'server', 'impl', 'inject', 'injectablevaluesprovid', 'getinjectablevalu', 'injectablevaluesprovid', 'java', 'com', 'sun', 'jersey', 'server', 'impl', 'model', 'method', 'dispatch', 'abstractresourcemethoddispatchprovid', 'entityparamininvok', 'getparam', 'abstractresourcemethoddispatchprovid', 'java', 'com', 'sun', 'jersey', 'server', 'impl', 'model', 'method', 'dispatch', 'abstractresourcemethoddispatchprovid', 'typeoutinvok', 'dispatch', 'abstractresourcemethoddispatchprovid', 'java', 'com', 'sun', 'jersey', 'server', 'impl', 'model', 'method', 'dispatch', 'resourcejavamethoddispatch', 'dispatch', 'resourcejavamethoddispatch', 'java', 'com', 'sun', 'jersey', 'server', 'impl', 'uri', 'rule', 'httpmethodrul', 'accept', 'httpmethodrul', 'java', 'com', 'sun', 'jersey', 'server', 'impl', 'uri', 'rule', 'righthandpathrul', 'accept', 'righthandpathrul', 'java', 'com', 'sun', 'jersey', 'server', 'impl', 'uri', 'rule', 'resourceclassrul', 'accept', 'resourceclassrul', 'java', 'com', 'sun', 'jersey', 'server', 'impl', 'uri', 'rule', 'righthandpathrul', 'accept', 'righthandpathrul', 'java', 'com', 'sun', 'jersey', 'server', 'impl', 'uri', 'rule', 'rootresourceclassesrul', 'accept', 'rootresourceclassesrul', 'java', 'com', 'sun', 'jersey', 'server', 'impl', 'applic', 'webapplicationimpl', 'handlerequest', 'webapplicationimpl', 'java']",1.4.0,1.4.0,0,3,153,1,4,3,0,0,0,0,0,0,0,0,
118,2866,Bug,Resolved,Fixed,ambari-server   ,Major,Oleksandr Diachenko,2013/08/10 12:20:30 +0100,2013/08/10 12:20:30 +0100,Oleksandr Diachenko,2013/08/16 17:25:14 +0100,6.21162037,6.21162037,"['api', 'jmx', 'map', 'need', 'updat', 'due', 'properti', 'name', 'chang']","['ambari', 'ui', 'show', 'properti', 'like', 'namenod', 'rpc', 'time', 'use', 'get', 'metric', 'queri', 'namenod', 'compon', 'rpcqueuetim', 'avg', 'time', 'howev', 'hadoop', 'look', 'like', 'properti', 'name', 'chang', 'rpcqueuetimeavgtim', 'ambari', 'api', 'longer', 'contain', 'metric', 'properti', 'relat', 'namenod', 'rpc', 'may', 'chang', 'need', 'updat', 'map', 'accord']",1.4.0,1.4.0,0,3,59,1,4,3,0,0,0,0,0,0,0,0,
119,2876,Bug,Resolved,Fixed,ambari-server   ,Major,Sumit Mohanty,2013/08/12 22:17:47 +0100,2013/08/12 22:17:47 +0100,Sumit Mohanty,2013/08/12 22:27:43 +0100,0.006898148000000001,0.006898148,"['puppet', 'script', 'syntax', 'issu', 'result', 'hive', 'deploy', 'custom', 'db', 'oozi', 'servic', 'check', 'failur']","['puppet', 'variabl', 'miss', 'jdbc', 'connector', 'oozi', 'servic', 'check', 'puppet', 'script']",1.4.0,1.4.0,0,2,12,1,2,2,0,0,0,0,0,0,0,0,
120,2903,Bug,Resolved,Fixed,   ,Major,Mahadev konar,2013/08/15 01:27:16 +0100,2013/08/15 01:27:16 +0100,Mahadev konar,2013/08/15 01:42:14 +0100,0.010393519,0.010393519,"['add', 'hbase', 'metric', 'chang', 'jmx', 'backward', 'compat', 'way']","['add', 'hbase', 'metric', 'chang', 'jmx', 'backward', 'compat', 'way']",1.4.0,1.4.0,0,2,13,1,2,2,0,0,0,0,0,0,0,0,
121,2905,Bug,Resolved,Fixed,ambari-server   ,Major,Siddharth Wagle,2013/08/15 02:47:59 +0100,2013/08/15 02:47:59 +0100,Siddharth Wagle,2013/08/15 02:54:10 +0100,0.004293981,0.004293981,"['snamenod', 'start', 'transit', 'mainten', 'mode']","['current', 'ha', 'nn', 'cluster', 'start', 'hdfs', 'servic', 'servic', 'tab', 'tri', 'start', 'snamenod', 'well', 'maintain', 'state', 'execut', 'curl', 'u', 'admin', 'admin', 'x', 'put', 'requestinfo', 'context', 'snn', 'mainten', 'bodi', 'hostrol', 'state', 'mainten', 'command']",1.4.0,1.4.0,0,2,53,1,3,2,0,0,0,0,0,0,0,0,
122,2920,Improvement,Resolved,Fixed,ambari-web   ,Major,Yusaku Sako,2013/08/15 22:59:31 +0100,2013/08/15 22:59:31 +0100,Yusaku Sako,2013/08/15 23:22:28 +0100,0.0159375,0.0159375,"['renam', 'alert', 'titl', 'descript']","['current', 'nagio', 'alert', 'shown', 'ambari', 'ui', 'like', 'green', 'check', 'namenod', 'process', 'lt', 'mean', 'namenod', 'process', 'red', 'x', 'namenod', 'process', 'lt', 'mean', 'namenod', 'process', 'green', 'check', 'percent', 'datanod', 'lt', 'mean', 'datanod', 'threshold', 'red', 'x', 'percent', 'datanod', 'lt', 'mean', 'datanod', 'threshold', 'green', 'check', 'nagio', 'status', 'log', 'stale', 'lt', 'mean', 'nagio', 'status', 'log', 'fresh', 'red', 'x', 'nagio', 'status', 'log', 'stale', 'lt', 'mean', 'nagio', 'status', 'log', 'stalewhen', 'user', 'see', 'word', 'posit', 'indic', 'green', 'check', 'confus', 'like', 'say', 'red', 'green', 'green', 'red', 'propos', 'renam', 'alert', 'like', 'green', 'check', 'namenod', 'process', 'lt', 'mean', 'namenod', 'process', 'healthi', 'red', 'x', 'namenod', 'process', 'lt', 'mean', 'namenod', 'process', 'unhealthi', 'green', 'check', 'percent', 'datanod', 'live', 'lt', 'mean', 'datanod', 'healthi', 'threshold', 'red', 'x', 'percent', 'datanod', 'live', 'lt', 'mean', 'datanod', 'healthi', 'threshold', 'green', 'check', 'nagio', 'status', 'log', 'fresh', 'lt', 'mean', 'nagio', 'status', 'log', 'fresh', 'red', 'x', 'nagio', 'status', 'log', 'fresh', 'lt', 'mean', 'nagio', 'status', 'log', 'stalealso', 'inconsist', 'way', 'show', 'compon', 'name', 'alert', 'titl', 'descript', 'like', 'templeton', 'server', 'status', 'mean', 'webhcat', 'server', 'status', 'etc', 'need', 'fix']",1.4.0,1.4.0,0,2,240,1,2,2,0,0,0,0,0,0,0,0,
123,2938,Bug,Resolved,Fixed,ambari-server   ,Major,Sumit Mohanty,2013/08/16 21:42:07 +0100,2013/08/16 21:42:07 +0100,Sumit Mohanty,2013/08/16 21:57:34 +0100,0.010729167,0.010729167,"['updat', 'stack', 'definit', 'mapreduc']","['updat', 'stack', 'definit', 'mapreduc', 'default', 'site', 'xml', 'file']",1.4.0,1.4.0,0,2,11,1,2,2,0,0,0,0,0,0,0,0,
124,2947,Bug,Resolved,Fixed,   ,Major,Mahadev konar,2013/08/18 03:55:47 +0100,2013/08/18 03:55:47 +0100,Mahadev konar,2013/08/18 04:00:12 +0100,0.00306713,0.00306713,"['use', 'specif', 'build', 'number', 'stck', 'build']","['use', 'specif', 'build', 'number', 'stck', 'build']",1.4.0,1.4.0,0,2,9,1,2,2,0,0,0,0,0,0,0,0,
125,2973,Bug,Resolved,Fixed,ambari-agent; ambari-server   ,Major,Vladimir Tkhir,2013/08/21 11:46:56 +0100,2013/08/21 16:41:37 +0100,Vladimir Tkhir,2013/08/22 06:49:25 +0100,0.7933912040000001,0.58875,"['ambari', 'server', 'agent', 'stop', 'packag', 'uninstal']","['ambari', 'agent', 'ambari', 'server', 'packag', 'uninstal', 'uninstal', 'scriplet', 'stop', 'run', 'servic', 'process', 'remain', 'run', 'even', 'packag', 'remov', 'may', 'caus', 'issu', 'upgrad', 'administr', 'miss', 'stop', 'servic', 'step', 'root', 'host', 'ambari', 'server', 'statusus', 'python', 'usr', 'bin', 'python', 'ambari', 'server', 'statusambari', 'server', 'runningfound', 'ambari', 'server', 'pid', 'var', 'run', 'ambari', 'server', 'ambari', 'server', 'pid', 'root', 'host', 'ambari', 'agent', 'statusfound', 'ambari', 'agent', 'pid', 'ambari', 'agent', 'run', 'agent', 'pid', 'var', 'run', 'ambari', 'agent', 'ambari', 'agent', 'pidag', 'var', 'log', 'ambari', 'agent', 'ambari', 'agent', 'outag', 'log', 'var', 'log', 'ambari', 'agent', 'ambari', 'agent', 'log', 'root', 'host', 'rpm', 'e', 'ambari', 'server', 'root', 'host', 'rpm', 'e', 'ambari', 'agent', 'root', 'host', 'ps', 'aux', 'grep', 'ambari', 'grep', 'v', 'grep', 'grep', 'v', 'postgresroot', 'sl', 'usr', 'jdk', 'jdk', 'bin', 'java', 'server', 'xx', 'newratio', 'xx', 'useconcmarksweepgc', 'xx', 'usegcoverheadlimit', 'xx', 'cmsinitiatingoccupancyfract', 'xms', 'xmx', 'cp', 'etc', 'ambari', 'server', 'conf', 'usr', 'lib', 'ambari', 'server', 'sbin', 'bin', 'usr', 'sbin', 'usr', 'bin', 'usr', 'lib', 'ambari', 'server', 'org', 'apach', 'ambari', 'server', 'control', 'ambariserverroot', 'sl', 'usr', 'bin', 'python', 'usr', 'lib', 'python', 'site', 'packag', 'ambari', 'agent', 'main', 'py', 'start', 'restart', 'expect', 'hostnam', 'host']",1.4.1,1.4.1,0,2,128,1,2,2,0,0,0,0,0,0,0,0,
126,2986,Bug,Resolved,Fixed,   ,Major,Mahadev konar,2013/08/22 07:03:14 +0100,2013/08/22 07:03:14 +0100,Mahadev konar,2013/08/22 07:35:12 +0100,0.022199074,0.022199074,"['turn', 'predic', 'pushdown', 'default']","['turn', 'predic', 'pushdown', 'default']",1.4.0,1.4.0,0,2,7,1,3,2,0,0,0,0,0,0,0,0,
127,3047,Bug,Resolved,Fixed,ambari-server   ,Major,Sumit Mohanty,2013/08/28 14:06:31 +0100,2013/08/28 14:06:31 +0100,Sumit Mohanty,2013/08/28 23:01:35 +0100,0.371574074,0.371574074,"['enhanc', 'host', 'clean', 'handl', 'tmp', 'file', 'folder']","['host', 'cleanup', 'remov', 'file', 'folder', 'tmp', 'folder', 'base', 'user', 'clean', 'remov', 'default', 'hadoop', 'group']",1.4.1,1.4.1,0,2,21,1,2,2,1,0,0,0,0,0,0,0,
128,3068,Bug,Resolved,Fixed,ambari-agent   ,Major,Artem Baranchuk,2013/09/02 15:19:47 +0100,2013/09/02 15:19:47 +0100,Artem Baranchuk,2013/09/02 15:27:19 +0100,0.005231481,0.005231481,"['warn', 'messag', 'clear', 'task', 'fail']","['instal', 'cluster', 'namenod', 'start', 'fail', 'instal', 'exit', 'warn', 'go', 'look', 'specif', 'task', 'fail', 'puppet', 'warn', 'still', 'present', 'seem', 'like', 'puppet', 'warn', 'get', 'clear', 'task', 'failur', 'case', 'warn', 'clear', 'import']",1.4.0,1.4.1,0,2,47,1,2,1,1,0,0,0,0,0,0,0,
129,3069,Bug,Resolved,Fixed,ambari-web   ,Major,Oleg Nechiporenko,2013/09/02 15:48:16 +0100,2013/09/02 15:48:16 +0100,Oleg Nechiporenko,2013/09/03 17:56:39 +0100,1.089155093,1.089155093,"['fix', 'unit', 'test']",[],1.4.1,1.4.1,0,2,1,1,3,2,1,0,0,0,0,0,0,0,
130,3105,Bug,Resolved,Fixed,ambari-web   ,Major,Xi Wang,2013/09/05 02:39:30 +0100,2013/09/05 02:39:30 +0100,Xi Wang,2013/09/05 21:55:19 +0100,0.802650463,0.802650463,"['random', 'chang', 'block', 'summari', 'alert', 'health', 'check', 'servic', 'page']","['height', 'block', 'alert', 'health', 'check', 'chang', 'sometim', 'servic', 'page', 'refresh', 'chang', 'normal', 'size', 'anoth', 'tri', 'produc', 'firefox']",1.4.0,1.4.1,0,2,26,1,2,1,0,0,0,0,0,0,0,0,
131,3119,Bug,Resolved,Fixed,ambari-server   ,Major,Siddharth Wagle,2013/09/05 23:49:56 +0100,2013/09/05 23:49:56 +0100,Siddharth Wagle,2013/09/06 00:09:00 +0100,0.013240741,0.013240741,"['nullpointerexcept', 'thrown', 'retriev', 'ganglia', 'properti']","['api', 'call', 'curl', 'u', 'admin', 'admin', 'compon', 'host', 'compon', 'compon', 'host', 'compon', 'hostrol', 'compon', 'host', 'compon', 'metric', 'jvm', 'memheapusedm', 'compon', 'host', 'compon', 'metric', 'jvm', 'memheapcommittedm', 'compon', 'host', 'compon', 'metric', 'mapr', 'jobtrack', 'tracker', 'decommiss', 'compon', 'host', 'compon', 'metric', 'cpu', 'cpu', 'wio', 'compon', 'host', 'compon', 'metric', 'rpc', 'rpcqueuetim', 'avg', 'time', 'compon', 'host', 'compon', 'metric', 'flume', 'flume', 'compon', 'host', 'compon', 'metric', 'yarn', 'queueambari', 'log', 'warn', 'qtp', 'servlethandl', 'api', 'v', 'cluster', 'c', 'servicesjava', 'lang', 'nullpointerexcept', 'org', 'apach', 'ambari', 'server', 'control', 'ganglia', 'gangliapropertyprovid', 'getrrdrequest', 'gangliapropertyprovid', 'java', 'org', 'apach', 'ambari', 'server', 'control', 'ganglia', 'gangliapropertyprovid', 'populateresourc', 'gangliapropertyprovid', 'java', 'org', 'apach', 'ambari', 'server', 'control', 'intern', 'versioningpropertyprovid', 'populateresourc', 'versioningpropertyprovid', 'java']",1.4.1,1.4.1,0,2,25,1,2,2,0,0,0,0,0,0,0,0,
132,494,Bug,Resolved,Fixed,   ,Major,Mahadev konar,2012/06/02 00:27:50 +0100,2012/06/02 00:27:50 +0100,Mahadev konar,2012/06/07 03:35:11 +0100,5.130104167,5.130104167,"['fix', 'node', 'assign', 'allow', 'slave', 'master']",[],0.9.0,0.9.0,0,2,1,1,1,1,0,0,0,1,0,0,0,0,
133,578,Bug,Resolved,Fixed,   ,Major,Yusaku Sako,2012/06/26 02:50:15 +0100,2012/06/26 02:50:15 +0100,Yusaku Sako,2012/06/30 06:44:47 +0100,4.16287037,4.16287037,"['custom', 'config', 'page', 'allow', 'form', 'submiss', 'client', 'side', 'valid', 'error']","['current', 'button', 'look', 'disabl', 'client', 'side', 'valid', 'error', 'clickabl', 'problem', 'server', 'side', 'valid', 'make', 'sure', 'password', 'match']",0.9.0,0.9.0,0,1,32,1,1,1,0,0,0,1,0,0,0,0,
134,628,Bug,Resolved,Fixed,   ,Major,Ashish Singh,2012/07/11 21:03:00 +0100,2012/07/12 21:41:48 +0100,Ashish Singh,2012/07/12 21:42:07 +0100,1.027164352,2.20E-04,"['hdp', 'nagio', 'hdp', 'monitor', 'wrong', 'configur', 'file', 'locat', 'also', 'owner', 'group', 'permiss', 'wrong']","['suse', 'environ', 'wrong', 'configur', 'locat', 'hdp', 'dashboard', 'hdp', 'nagio', 'also', 'owner', 'group', 'permiss', 'wrong', 'set', 'root', 'root', 'instead', 'wwwrun', 'group', 'www']",0.9.0,1,0,2,25,1,3,2,0,0,0,1,0,0,0,0,
135,1233,Bug,Resolved,Fixed,   ,Major,Mahadev konar,2013/01/21 19:57:10 +0100,2013/01/23 22:03:46 +0100,Mahadev konar,2013/02/04 05:43:10 +0100,13.40694444,11.31902778,"['directori', 'permiss', 'httpd', 'var', 'www', 'cgi', 'bin', 'touch', 'ambari']","['directori', 'permiss', 'httpd', 'var', 'www', 'cgi', 'bin', 'touch', 'ambari']",1.2.0,1.2.1; 1.2.3,0,1,11,1,2,1,0,0,0,1,0,0,0,0,
136,1441,Bug,Resolved,Fixed,ambari-web   ,Major,Yusaku Sako,2013/02/18 06:09:01 +0100,2013/02/18 06:11:13 +0100,Yusaku Sako,2013/02/20 22:55:03 +0100,2.698634259,2.697106481,"['valid', 'usernam', 'use', 'servic', 'config', 'broken']",[],1.2.2,1.2.2,0,2,1,1,2,2,0,0,0,1,0,0,0,0,
137,1816,Bug,Resolved,Fixed,ambari-web   ,Major,Jaimin D Jetly,2013/04/05 18:33:02 +0100,2013/04/05 18:33:02 +0100,Jaimin D Jetly,2013/04/05 18:56:27 +0100,0.016261573999999997,0.016261574,"['secur', 'wizard', 'add', 'miss', 'secur', 'config', 'hbase', 'servic', 'make', 'zookeep', 'default', 'primari', 'name', 'zookeep', 'princip']",[],1.2.3,1.2.3,0,2,1,1,2,2,1,0,0,1,0,0,0,0,
138,1859,Bug,Resolved,Fixed,   ,Major,Sumit Mohanty,2013/04/09 21:09:38 +0100,2013/04/09 21:09:38 +0100,Sumit Mohanty,2013/04/09 21:15:31 +0100,0.004085648,0.004085648,"['load', 'nagio', 'alert', 'due', 'bad', 'request']","['given', 'api', 'call', 'feedback', 'status', 'messag', 'properti', 'hostrol', 'nagio', 'alert', 'specifi', 'request', 'predic', 'support', 'resourc', 'type', 'hostcompon']",1.2.3,1.2.3,0,2,33,1,1,1,1,0,0,1,0,0,0,0,
139,1934,Bug,Resolved,Fixed,   ,Major,Sumit Mohanty,2013/04/15 17:55:34 +0100,2013/04/15 17:55:34 +0100,Sumit Mohanty,2013/04/15 18:20:34 +0100,0.017361111000000002,0.017361111,"['secur', 'vulner', 'ganglia', 'nagio']","['ganglia', 'issu', 'unspecifi', 'vulner', 'ganglia', 'web', 'allow', 'remot', 'attack', 'execut', 'arbitrari', 'php', 'code', 'via', 'unknown', 'attack', 'vector', 'ganglia', 'web', 'releas', 'esecur', 'advisori', 'secur', 'issu', 'ganglia', 'web', 'go', 'back', 'least', 'lead', 'arbitrari', 'script', 'execut', 'web', 'user', 'privileg', 'possibl', 'lead', 'machin', 'compromis', 'issu', 'fix', 'latest', 'version', 'ganglia', 'web', 'download', 'solut', 'need', 'get', 'upgrad', 'rpms', 'ganglia', 'web', 'version', 'fix', 'vulner', 'nagio', 'multipl', 'stack', 'base', 'buffer', 'overflow', 'get', 'histori', 'function', 'histori', 'cgi', 'nagio', 'core', 'icinga', 'x', 'x', 'x', 'might', 'allow', 'remot', 'attack', 'execut', 'arbitrari', 'code', 'via', 'long', 'host', 'name', 'variabl', 'host', 'paramet', 'svc', 'descript', 'variabl', 'vulner', 'softwar', 'version', 'nagio', 'nagio', 'previous', 'version']",1.2.3,1.2.3,0,2,169,1,1,1,1,0,0,1,0,0,0,0,
140,2101,Bug,Resolved,Fixed,ambari-agent   ,Major,Siddharth Wagle,2013/05/10 19:18:12 +0100,2013/05/10 19:18:12 +0100,Siddharth Wagle,2013/05/10 19:35:54 +0100,0.012291667,0.012291667,"['hive', 'servic', 'check', 'still', 'fail', 'file', 'permiss']","['stack', 'upgrad', 'test', 'still', 'show', 'issu', 'warn', 'unrecognis', 'escap', 'sequenc', 'file', 'var', 'lib', 'ambari', 'agent', 'puppet', 'modul', 'hdp', 'hive', 'manifest', 'hive', 'servic', 'check', 'pp', 'line', 'warn', 'dynam', 'lookup', 'configur', 'deprec', 'support', 'remov', 'puppet', 'use', 'fulli', 'qualifi', 'variabl', 'name', 'e', 'g', 'classnam', 'variabl', 'parameter', 'class', 'notic', 'stage', 'hdp', 'snappi', 'packag', 'hdp', 'snappi', 'packag', 'ln', 'hdp', 'exec', 'hdp', 'snappi', 'packag', 'ln', 'exec', 'hdp', 'snappi', 'packag', 'ln', 'return', 'execut', 'successfullynotic', 'stage', 'hdp', 'hcat', 'hcat', 'servic', 'check', 'exec', 'hcatsmok', 'sh', 'prepar', 'return', 'ls', 'access', 'usr', 'share', 'java', 'oracl', 'file', 'directorynotic', 'stage', 'hdp', 'hcat', 'hcat', 'servic', 'check', 'exec', 'hcatsmok', 'sh', 'prepar', 'return', 'warn', 'conf', 'hiveconf', 'deprec', 'configur', 'properti', 'hive', 'metastor', 'local', 'longer', 'effect', 'make', 'sure', 'provid', 'valid', 'valu', 'hive', 'metastor', 'uri', 'connect', 'remot', 'metastor', 'notic', 'stage', 'hdp', 'hcat', 'hcat', 'servic', 'check', 'exec', 'hcatsmok', 'sh', 'prepar', 'return', 'log', 'j', 'error', 'setfil', 'null', 'true', 'call', 'fail', 'notic', 'stage', 'hdp', 'hcat', 'hcat', 'servic', 'check', 'exec', 'hcatsmok', 'sh', 'prepar', 'return', 'java', 'io', 'filenotfoundexcept', 'tmp', 'ambari', 'qa', 'hive', 'log', 'permiss', 'deni', 'notic', 'stage', 'hdp', 'hcat', 'hcat', 'servic', 'check', 'exec', 'hcatsmok', 'sh', 'prepar', 'return', 'java', 'io', 'fileoutputstream', 'openappend', 'nativ', 'method', 'notic', 'stage', 'hdp', 'hcat', 'hcat', 'servic', 'check', 'exec', 'hcatsmok', 'sh', 'prepar', 'return', 'java', 'io', 'fileoutputstream', 'lt', 'init', 'gt', 'fileoutputstream', 'java', 'notic', 'stage', 'hdp', 'hcat', 'hcat', 'servic', 'check', 'exec', 'hcatsmok', 'sh', 'prepar', 'return', 'java', 'io', 'fileoutputstream', 'lt', 'init', 'gt', 'fileoutputstream', 'java', 'notic', 'stage', 'hdp', 'hcat', 'hcat', 'servic', 'check', 'exec', 'hcatsmok', 'sh', 'prepar', 'return', 'org', 'apach', 'log', 'j', 'fileappend', 'setfil', 'fileappend', 'java', 'notic', 'stage', 'hdp', 'hcat', 'hcat', 'servic', 'check', 'exec', 'hcatsmok', 'sh', 'prepar', 'return', 'org', 'apach', 'log', 'j', 'fileappend', 'activateopt', 'fileappend', 'java', 'notic', 'stage', 'hdp', 'hcat', 'hcat', 'servic', 'check', 'exec', 'hcatsmok', 'sh', 'prepar', 'return', 'org', 'apach', 'log', 'j', 'dailyrollingfileappend', 'activateopt', 'dailyrollingfileappend', 'java', 'notic', 'stage', 'hdp', 'hcat', 'hcat', 'servic', 'check', 'exec', 'hcatsmok', 'sh', 'prepar', 'return', 'org', 'apach', 'log', 'j', 'config', 'propertysett', 'activ', 'propertysett', 'java', 'notic', 'stage', 'hdp', 'hcat', 'hcat', 'servic', 'check', 'exec', 'hcatsmok', 'sh', 'prepar', 'return', 'org', 'apach', 'log', 'j', 'config', 'propertysett', 'setproperti', 'propertysett', 'java', 'notic', 'stage', 'hdp', 'hcat', 'hcat', 'servic', 'check', 'exec', 'hcatsmok', 'sh', 'prepar', 'return', 'org', 'apach', 'log', 'j', 'config', 'propertysett', 'setproperti', 'propertysett', 'java', 'notic', 'stage', 'hdp', 'hcat', 'hcat', 'servic', 'check', 'exec', 'hcatsmok', 'sh', 'prepar', 'return', 'org', 'apach', 'log', 'j', 'propertyconfigur', 'parseappend', 'propertyconfigur', 'java', 'notic', 'stage', 'hdp', 'hcat', 'hcat', 'servic', 'check', 'exec', 'hcatsmok', 'sh', 'prepar', 'return', 'org', 'apach', 'log', 'j', 'propertyconfigur', 'parsecategori', 'propertyconfigur', 'java', 'notic', 'stage', 'hdp', 'hcat', 'hcat', 'servic', 'check', 'exec', 'hcatsmok', 'sh', 'prepar', 'return', 'org', 'apach', 'log', 'j', 'propertyconfigur', 'configurerootcategori', 'propertyconfigur', 'java', 'notic', 'stage', 'hdp', 'hcat', 'hcat', 'servic', 'check', 'exec', 'hcatsmok', 'sh', 'prepar', 'return', 'org', 'apach', 'log', 'j', 'propertyconfigur', 'doconfigur', 'propertyconfigur', 'java', 'notic', 'stage', 'hdp', 'hcat', 'hcat', 'servic', 'check', 'exec', 'hcatsmok', 'sh', 'prepar', 'return', 'org', 'apach', 'log', 'j', 'propertyconfigur', 'doconfigur', 'propertyconfigur', 'java', 'notic', 'stage', 'hdp', 'hcat', 'hcat', 'servic', 'check', 'exec', 'hcatsmok', 'sh', 'prepar', 'return', 'org', 'apach', 'log', 'j', 'propertyconfigur', 'configur', 'propertyconfigur', 'java', 'notic', 'stage', 'hdp', 'hcat', 'hcat', 'servic', 'check', 'exec', 'hcatsmok', 'sh', 'prepar', 'return', 'org', 'apach', 'hadoop', 'hive', 'common', 'logutil', 'inithivelog', 'jdefault', 'logutil', 'java', 'notic', 'stage', 'hdp', 'hcat', 'hcat', 'servic', 'check', 'exec', 'hcatsmok', 'sh', 'prepar', 'return', 'org', 'apach', 'hadoop', 'hive', 'common', 'logutil', 'inithivelog', 'jcommon', 'logutil', 'java', 'notic', 'stage', 'hdp', 'hcat', 'hcat', 'servic', 'check', 'exec', 'hcatsmok', 'sh', 'prepar', 'return', 'org', 'apach', 'hadoop', 'hive', 'common', 'logutil', 'inithivelog', 'j', 'logutil', 'java', 'notic', 'stage', 'hdp', 'hcat', 'hcat', 'servic', 'check', 'exec', 'hcatsmok', 'sh', 'prepar', 'return', 'org', 'apach', 'hcatalog', 'cli', 'hcatc', 'main', 'hcatc', 'java', 'notic', 'stage', 'hdp', 'hcat', 'hcat', 'servic', 'check', 'exec', 'hcatsmok', 'sh', 'prepar', 'return', 'sun', 'reflect', 'nativemethodaccessorimpl', 'invok', 'nativ', 'method', 'notic', 'stage', 'hdp', 'hcat', 'hcat', 'servic', 'check', 'exec', 'hcatsmok', 'sh', 'prepar', 'return', 'sun', 'reflect', 'nativemethodaccessorimpl', 'invok', 'nativemethodaccessorimpl', 'java', 'notic', 'stage', 'hdp', 'hcat', 'hcat', 'servic', 'check', 'exec', 'hcatsmok', 'sh', 'prepar', 'return', 'sun', 'reflect', 'delegatingmethodaccessorimpl', 'invok', 'delegatingmethodaccessorimpl', 'java', 'notic', 'stage', 'hdp', 'hcat', 'hcat', 'servic', 'check', 'exec', 'hcatsmok', 'sh', 'prepar', 'return', 'java', 'lang', 'reflect', 'method', 'invok', 'method', 'java', 'notic', 'stage', 'hdp', 'hcat', 'hcat', 'servic', 'check', 'exec', 'hcatsmok', 'sh', 'prepar', 'return', 'org', 'apach', 'hadoop', 'util', 'runjar', 'main', 'runjar', 'java', 'notic', 'stage', 'hdp', 'hcat', 'hcat', 'servic', 'check', 'exec', 'hcatsmok', 'sh', 'prepar', 'return', 'log', 'j', 'error', 'either', 'file', 'datepattern', 'option', 'set', 'append', 'drfa', 'notic', 'stage', 'hdp', 'hcat', 'hcat', 'servic', 'check', 'exec', 'hcatsmok', 'sh', 'prepar', 'return', 'except', 'thread', 'main', 'java', 'lang', 'runtimeexcept', 'java', 'io', 'ioexcept', 'permiss', 'deniednotic', 'stage', 'hdp', 'hcat', 'hcat', 'servic', 'check', 'exec', 'hcatsmok', 'sh', 'prepar', 'return', 'org', 'apach', 'hadoop', 'hive', 'ql', 'session', 'sessionst', 'start', 'sessionst', 'java', 'notic', 'stage', 'hdp', 'hcat', 'hcat', 'servic', 'check', 'exec', 'hcatsmok', 'sh', 'prepar', 'return', 'org', 'apach', 'hcatalog', 'cli', 'hcatc', 'main', 'hcatc', 'java', 'notic', 'stage', 'hdp', 'hcat', 'hcat', 'servic', 'check', 'exec', 'hcatsmok', 'sh', 'prepar', 'return', 'sun', 'reflect', 'nativemethodaccessorimpl', 'invok', 'nativ', 'method']",1.2.3,1.2.3,0,2,245,1,1,1,0,0,0,1,0,0,0,0,
141,2161,Bug,Resolved,Fixed,ambari-agent   ,Major,Jaimin D Jetly,2013/05/17 21:55:35 +0100,2013/05/17 21:55:35 +0100,Jaimin D Jetly,2013/05/18 01:16:38 +0100,0.139618056,0.139618056,"['datanod', 'start', 'fail', 'secur', 'cluster']",[],1.2.3,1.2.5,0,2,1,1,2,2,0,0,0,1,0,0,0,0,
142,2262,Bug,Resolved,Fixed,ambari-web   ,Blocker,Andrii Tkach,2013/06/03 19:24:24 +0100,2013/06/03 19:24:24 +0100,Andrii Tkach,2013/06/04 20:09:50 +0100,1.031550926,1.031550926,"['instal', 'option', 'page', 'select', 'perform', 'manual', 'registr', 'host', 'use', 'ssh', 'set', 'path', 'bit', 'jdk', 'disabl']","['instal', 'option', 'page', 'select', 'perform', 'manual', 'registr', 'host', 'use', 'ssh', 'set', 'path', 'bit', 'jdk', 'disabl', 'screen', 'shot', 'png', 'also', 'path', 'bit', 'jdk', 'java', 'home', 'input', 'field', 'enabl', 'uncheck', 'check', 'box', 'uncheck', 'png', 'step', 'go', 'instal', 'option', 'page', 'result', 'path', 'bit', 'jdk', 'java', 'home', 'input', 'field', 'avail', 'edit', 'check', 'box', 'uncheck']",1.2.4,1.2.4,0,3,61,1,4,3,0,0,0,1,0,0,0,0,
143,2270,Improvement,Resolved,Fixed,ambari-agent; ambari-server   ,Critical,Dmytro Sen,2013/06/04 13:09:31 +0100,2013/06/04 13:09:31 +0100,Dmytro Sen,2013/06/07 19:38:27 +0100,3.270092593,3.270092593,"['provid', 'way', 'option', 'enabl', 'two', 'way', 'ssl', 'server', 'agent', 'communic']","['two', 'way', 'ssl', 'mechan', 'use', 'server', 'agent', 'registr', 'exist', 'protect', 'communic', 'use', 'product', 'environ', 'typic', 'first', 'use', 'poc', 'scenario', 'level', 'secur', 'necessari', 'well', 'certif', 'generat', 'problemat', 'caus', 'failur', 'need', 'provid', 'way', 'make', 'mechan', 'option', 'default', 'ship', 'server', 'agent', 'two', 'way', 'ssl', 'time', 'post', 'instal', 'user', 'abl', 'turn', 'two', 'way', 'ssl', 'turn', 'back', 'etc']",1.2.3,1.2.5,0,2,82,1,5,2,0,0,0,1,0,0,0,0,
144,2337,Bug,Resolved,Fixed,ambari-web   ,Major,Jaimin D Jetly,2013/06/10 01:32:42 +0100,2013/06/10 01:32:42 +0100,Jaimin D Jetly,2013/06/10 03:35:12 +0100,0.08506944400000001,0.085069444,"['secur', 'wizard', 'navig', 'lock', 'caus', 'artifact', 'unwant', 'side', 'effect']",[],1.2.5,1.2.5,0,2,1,1,2,1,1,0,0,1,0,0,0,0,
145,2371,Bug,Resolved,Fixed,ambari-web   ,Major,Jaimin D Jetly,2013/06/13 01:14:30 +0100,2013/06/13 01:14:30 +0100,Jaimin D Jetly,2013/06/13 01:48:34 +0100,0.023657407000000002,0.023657407,"['secur', 'wizard', 'webhcat', 'server', 'start', 'fail', 'enabl', 'secur']","['happen', 'templeton', 'kerbero', 'princip', 'properti', 'set', 'http', 'host', 'lt', 'realm', 'name', 'gt', 'instead', 'http', 'lt', 'intern', 'host', 'name', 'gt', 'lt', 'realm', 'name', 'gt']",1.2.5,1.2.5,0,2,16,1,2,2,1,0,0,1,0,0,1,2,ambari-web/app/controllers/main/admin/security/add/step3.js;ambari-web/app/controllers/main/admin/security/disable.js;
146,2403,Bug,Resolved,Fixed,ambari-server   ,Major,Dmitry Lysnichenko,2013/06/17 19:58:12 +0100,2013/06/17 19:58:12 +0100,Dmitry Lysnichenko,2013/06/18 06:49:20 +0100,0.452175926,0.452175926,"['ambari', 'server', 'setup', 'allow', 'user', 'chang', 'databas', 'password']","['run', 'setup', 'second', 'time', 'amabri', 'allow', 'user', 'chang', 'db', 'password', 'ambari', 'user', 'current', 'execut', 'script', 'allow', 'command', 'su', 'postgr', 'command', 'psql', 'f', 'var', 'lib', 'ambari', 'server', 'resourc', 'ambari', 'ddl', 'postgr', 'creat', 'sql', 'v', 'usernam', 'quot', 'ambari', 'server', 'quot', 'v', 'password', 'quot', 'quot']",1.2.5,1.2.5,0,3,36,1,2,2,0,0,0,1,0,0,0,0,
147,2443,Bug,Resolved,Fixed,ambari-agent; ambari-web   ,Major,Jaimin D Jetly,2013/06/20 09:50:23 +0100,2013/06/20 09:50:23 +0100,Jaimin D Jetly,2013/06/21 19:00:13 +0100,1.3818287040000001,1.381828704,"['secur', 'wizard', 'smoke', 'test', 'servic', 'fail', 'custom', 'servic', 'user', 'name']",[],1.2.5,1.2.5,0,2,1,1,2,2,1,0,0,1,0,0,0,0,
148,2515,Bug,Resolved,Fixed,ambari-web   ,Major,Jaimin D Jetly,2013/06/27 19:52:04 +0100,2013/06/27 19:52:04 +0100,Jaimin D Jetly,2013/06/27 20:11:36 +0100,0.013564815,0.013564815,"['add', 'properti', 'mapr', 'task', 'tracker', 'task', 'control']",[],1.2.5,1.2.5,0,2,1,1,2,2,0,0,0,1,0,0,0,0,
149,2532,Bug,Resolved,Fixed,ambari-agent   ,Major,Siddharth Wagle,2013/07/02 00:00:50 +0100,2013/07/02 00:00:50 +0100,Siddharth Wagle,2013/07/02 00:07:51 +0100,0.004872685,0.004872685,"['incorrect', 'permiss', 'taskcontrol', 'cfg']","['etc', 'conf', 'hadoop', 'taskcontrol', 'cfgin', 'secur', 'mode', 'permiss', 'set']",1.2.5,1.2.5,0,2,8,1,2,2,0,0,0,1,0,0,0,0,
150,2568,Bug,Resolved,Fixed,ambari-agent   ,Critical,Dmitry Lysnichenko,2013/07/04 19:46:27 +0100,2013/07/04 19:46:27 +0100,Dmitry Lysnichenko,2013/07/04 21:37:59 +0100,0.077453704,0.077453704,"['setup', 'ldap', 'valid', 'true', 'fals', 'respons']","['garbag', 'respons', 'true', 'fals', 'question', 'pass', 'thru', 'notic', 'put', 'garbag', 'use', 'ssl', 'would', 'written', 'need', 'valid', 'confirm', 'enter', 'either', 'return', 'accept', 'default', 'word', 'true', 'word', 'fals', 'els', 'inform', 'user', 'properti', 'must', 'true', 'fals', 'ask', 'secondari', 'url', 'use', 'ss', 'true', 'fals', 'fals', 'asdus', 'name', 'attribut', 'uid', 'base', 'dn', 'properti', 'blank', 'base', 'dn', 'asdbind', 'anonym', 'true', 'fals', 'fals', 'manag', 'dn', 'asdent', 'manag', 'password', 'enter', 'password', 'password', 'matchent', 'manag', 'password', 'enter', 'password', 'review', 'set', 'authent', 'ldap', 'primaryurl', 'url', 'authent', 'ldap', 'usessl', 'asdauthent', 'ldap', 'usernameattribut', 'uid']",1.2.5,1.2.5,0,3,93,1,2,2,0,0,0,1,0,0,0,0,
151,2697,Bug,Resolved,Fixed,ambari-web   ,Major,Jaimin D Jetly,2013/07/20 01:56:29 +0100,2013/07/20 01:56:29 +0100,Jaimin D Jetly,2013/07/20 02:23:57 +0100,0.019074074,0.019074074,"['disabl', 'secur', 'work', 'web', 'ui', 'testmod']",[],1.2.5,1.2.5,0,2,1,1,2,2,0,0,0,1,0,0,1,1,ambari-web/app/controllers/main/admin/security/disable.js;
152,2769,Improvement,Resolved,Fixed,ambari-web   ,Major,Andrii Babiichuk,2013/07/30 16:55:33 +0100,2013/07/30 16:55:33 +0100,Andrii Babiichuk,2013/07/30 22:57:24 +0100,0.251284722,0.251284722,"['fe', 'show', 'error', 'detail', 'encount', 'error', 'persist', 'web', 'client', 'state']","['error', 'occur', 'request', 'cluster', 'status', 'inform', 'chang', 'url', 'request', 'cluster', 'state', 'go', 'admin', 'page', 'tri', 'enabl', 'secur']",1.2.5,1.4.0,0,3,25,1,3,3,1,0,0,1,0,0,0,0,
153,3112,Bug,Resolved,Fixed,ambari-agent   ,Major,Jaimin D Jetly,2013/09/05 18:03:04 +0100,2013/09/05 18:03:04 +0100,Jaimin D Jetly,2013/09/05 19:21:58 +0100,0.054791667,0.054791667,"['secur', 'wizard', 'disabl', 'secur', 'return', 'initi', 'condit', 'enabl', 'secur', 'fail']","['step', 'reproduc', 'enabl', 'secur', 'without', 'pre', 'configur', 'kerbero', 'cluster', 'see', 'failur', 'start', 'servic', 'disabl', 'secur', 'end', 'datanod', 'fail', 'host', 'without', 'possibl', 'get', 'start', 'tri', 'start', 'datanod', 'manual', 'also', 'end', 'error', 'err', 'stage', 'hdp', 'hadoop', 'datanod', 'hdp', 'hadoop', 'servic', 'datanod', 'hdp', 'exec', 'su', 'hdfs', 'c', 'export', 'hadoop', 'libexec', 'dir', 'usr', 'lib', 'hadoop', 'libexec', 'amp', 'amp', 'usr', 'lib', 'hadoop', 'sbin', 'hadoop', 'daemon', 'sh', 'config', 'etc', 'hadoop', 'conf', 'start', 'datanod', 'exec', 'su', 'hdfs', 'c', 'export', 'hadoop', 'libexec', 'dir', 'usr', 'lib', 'hadoop', 'libexec', 'amp', 'amp', 'usr', 'lib', 'hadoop', 'sbin', 'hadoop', 'daemon', 'sh', 'config', 'etc', 'hadoop', 'conf', 'start', 'datanod', 'return', 'chang', 'notrun', 'fail', 'su', 'hdfs', 'c', 'export', 'hadoop', 'libexec', 'dir', 'usr', 'lib', 'hadoop', 'libexec', 'amp', 'amp', 'usr', 'lib', 'hadoop', 'sbin', 'hadoop', 'daemon', 'sh', 'config', 'etc', 'hadoop', 'conf', 'start', 'datanod', 'return', 'instead', 'one', 'var', 'lib', 'ambari', 'agent', 'puppet', 'modul', 'hdp', 'manifest', 'init', 'pp']",1.4.1,1.4.1,0,2,101,1,3,2,0,0,0,1,0,0,1,1,ambari-agent/src/main/puppet/modules/hdp-hadoop/manifests/service.pp;
