issue_id,type,status,resolution,component,priority,reporter,created,assigned,assignee,resolved,created.1,assigned.1,summary,description,affected_version,fixed_version,votes,watches,description_words,assingnee_count,comment_count,commenter,Surprising,Dormant,Blocker,Security,Performance,Breakage,commit_count,file_count,files
323,Bug,Closed,Fixed,,Trivial,Claus Ibsen,2008/02/10 11:21:45 +0100,null,Unassigned,2008/02/16 18:47:02 +0100,6.309224537,null,"['spring', 'jar', 'twice', 'camel', 'distro']","['download', 'latest', 'snapshot', 'apach', 'camel', 'zip', 'zip', 'file', 'contain', 'spring', 'jar', 'twice', 'camel', 'lib', 'camel', 'lib', 'optionali', 'spring', 'mandatori', 'option', 'btw', 'includ', 'old', 'version', 'common', 'log', 'jar', 'v', 'common', 'log']",1.3.0,1.3.0,0,0,34,0,2,2,0,0,0,0,0.0,0.0,0.0,0.0,
335,Improvement,Closed,Fixed,camel-mail,Major,Lars Heinemann,2008/02/15 14:09:12 +0100,2008/04/22 05:46:20 +0100,Claus Ibsen,2008/05/10 13:45:34 +0100,84.98358796,18.33280093,"['mail', 'compon', 'miss', 'configur', 'possibl']","['possibl', 'configur', 'behaviour', 'mail', 'compon', 'see', 'thread']",1.2.0; 1.3.0,1.4.0,0,0,18,1,20,3,0,0,0,0,0.0,0.0,16.0,70.0,components/camel-mail/src/main/java/org/apache/camel/component/mail/MailBinding.java;components/camel-mail/src/main/java/org/apache/camel/component/mail/MailConfiguration.java;components/camel-mail/src/main/java/org/apache/camel/component/mail/MailEndpoint.java;components/camel-mail/src/main/java/org/apache/camel/component/mail/MailUtils.java;components/camel-mail/src/main/resources/META-INF/services/org/apache/camel/component/imaps;components/camel-mail/src/test/java/org/apache/camel/component/mail/MailComponentTest.java;components/camel-mail/pom.xml;components/camel-mail/src/main/java/org/apache/camel/component/mail/MailConfiguration.java;components/camel-mail/src/main/java/org/apache/camel/component/mail/MailConsumer.java;components/camel-mail/src/main/java/org/apache/camel/component/mail/MailUtils.java;components/camel-mail/pom.xml;components/camel-mail/src/test/java/org/apache/camel/component/mail/MailComponentTest.java;components/camel-mail/src/test/java/org/apache/camel/component/mail/MailMessageTest.java;components/camel-mail/src/test/java/org/apache/camel/component/mail/MailRouteTest.java;components/camel-mail/src/test/java/org/apache/camel/component/mail/MimeMessageConsumeTest.java;components/camel-mail/src/test/java/org/apache/camel/component/mail/MultipleDestinationConsumeTest.java;components/camel-mail/src/test/resources/log4j.properties;components/camel-mail/src/test/java/org/apache/camel/component/mail/MailSubjectTest.java;components/camel-mail/src/main/java/org/apache/camel/component/mail/MailConfiguration.java;components/camel-mail/src/main/java/org/apache/camel/component/mail/MailConsumer.java;components/camel-mail/src/main/java/org/apache/camel/component/mail/JavaMailConnection.java;components/camel-mail/src/main/java/org/apache/camel/component/mail/MailBinding.java;components/camel-mail/src/main/java/org/apache/camel/component/mail/MailConfiguration.java;components/camel-mail/src/main/java/org/apache/camel/component/mail/MailConsumer.java;components/camel-mail/src/main/java/org/apache/camel/component/mail/MailEndpoint.java;components/camel-mail/src/main/java/org/apache/camel/component/mail/MailMessage.java;components/camel-mail/src/main/java/org/apache/camel/component/mail/MailProducer.java;components/camel-mail/src/main/java/org/apache/camel/component/mail/MailUtils.java;components/camel-mail/src/main/java/org/apache/camel/component/mail/MessageHeaderAccessException.java;components/camel-mail/src/main/java/org/apache/camel/component/mail/MessageHeaderNamesAccessException.java;components/camel-mail/src/main/java/org/apache/camel/component/mail/RuntimeMailException.java;components/camel-mail/src/test/java/org/apache/camel/component/mail/InvalidConfigurationTest.java;components/camel-mail/src/test/java/org/apache/camel/component/mail/MailProcessOnlyUnseenMessagesTest.java;components/camel-mail/src/test/java/org/apache/camel/component/mail/MailRouteTest.java;components/camel-mail/src/test/java/org/apache/camel/component/mail/MailSubjectTest.java;components/camel-mail/src/test/java/org/apache/camel/component/mail/MimeMessageConsumeTest.java;components/camel-mail/src/test/java/org/apache/camel/component/mail/MultipleDestinationConsumeTest.java;components/camel-mail/src/main/java/org/apache/camel/component/mail/MailConfiguration.java;components/camel-mail/src/main/java/org/apache/camel/component/mail/MailConsumer.java;components/camel-mail/src/test/java/org/apache/camel/component/mail/MailComponentTest.java;components/camel-mail/src/test/java/org/apache/camel/component/mail/MailFetchSizeTest.java;components/camel-mail/src/test/java/org/apache/camel/component/mail/MailFetchSizeZeroTest.java;components/camel-mail/src/main/java/org/apache/camel/component/mail/MailConverters.java;components/camel-mail/src/test/java/org/apache/camel/component/mail/MailProcessOnlyUnseenMessagesTest.java;components/camel-mail/src/main/java/org/apache/camel/component/mail/MailConfiguration.java;components/camel-mail/src/main/java/org/apache/camel/component/mail/MailConsumer.java;components/camel-mail/src/main/java/org/apache/camel/component/mail/MailMessage.java;components/camel-mail/src/main/java/org/apache/camel/component/mail/MailUtils.java;components/camel-mail/src/main/java/org/apache/camel/component/mail/MailConsumer.java;components/camel-mail/src/test/java/org/apache/camel/component/mail/MailProcessOnlyUnseenMessagesTest.java;components/camel-mail/src/test/java/org/apache/camel/component/mail/MimeMessageConsumeTest.java;components/camel-mail/src/main/java/org/apache/camel/component/mail/MailConfiguration.java;components/camel-mail/src/main/java/org/apache/camel/component/mail/MailBinding.java;components/camel-mail/src/main/java/org/apache/camel/component/mail/MailMessage.java;components/camel-mail/src/test/data/logo.jpeg;components/camel-mail/src/test/java/org/apache/camel/component/mail/MailAttachmentTest.java;components/camel-mail/src/main/java/org/apache/camel/component/mail/MailBinding.java;components/camel-mail/src/main/java/org/apache/camel/component/mail/MailConfiguration.java;components/camel-mail/src/main/java/org/apache/camel/component/mail/MailEndpoint.java;components/camel-mail/src/main/java/org/apache/camel/component/mail/MailProducer.java;components/camel-mail/src/test/java/org/apache/camel/component/mail/MailComponentTest.java;components/camel-mail/src/test/java/org/apache/camel/component/mail/MailSubjectTest.java;components/camel-mail/src/main/java/org/apache/camel/component/mail/JavaMailConnection.java;components/camel-mail/src/main/java/org/apache/camel/component/mail/MessageHeaderAccessException.java;components/camel-mail/src/main/java/org/apache/camel/component/mail/MessageHeaderNamesAccessException.java;components/camel-mail/src/main/java/org/apache/camel/component/mail/RuntimeMailException.java;components/camel-mail/src/test/java/org/apache/camel/component/mail/InvalidConfigurationTest.java;components/camel-mail/src/main/java/org/apache/camel/component/mail/MailConfiguration.java;components/camel-mail/src/main/java/org/apache/camel/component/mail/MailConsumer.java;components/camel-mail/src/test/java/org/apache/camel/component/mail/MailComponentTest.java;
410,Bug,Closed,Fixed,camel-core,Major,Dan Dudley,2008/03/28 20:51:00 +0100,2008/04/01 05:17:20 +0100,Claus Ibsen,2008/04/05 12:23:27 +0100,7.6475347220000005,4.295914352,"['except', 'handl', 'errorhandlersupport', 'class']","['configur', 'rout', 'builder', 'say', 'want', 'configur', 'two', 'except', 'let', 'say', 'nullpoint', 'except', 'say', 'bean', 'call', 'end', 'point', 'throw', 'nullpoint', 'think', 'nullpoint', 'polici', 'would', 'handl', 'except', 'well', 'see', 'sometim', 'sometim', 'due', 'map', 'keep', 'except', 'particular', 'order', 'anyway', 'could', 'chang', 'linkedhashmap', 'list', 'issu', 'class', 'org', 'apach', 'camel', 'processor', 'errorhandlersupport']",1.2.0; 1.3.0,1.4.0,0,0,80,1,14,2,0,0,0,0,0.0,0.0,2.0,12.0,camel-core/src/main/java/org/apache/camel/processor/exceptionpolicy/DefaultExceptionPolicyStrategy.java;camel-core/src/main/java/org/apache/camel/builder/DeadLetterChannelBuilder.java;camel-core/src/main/java/org/apache/camel/processor/DeadLetterChannel.java;camel-core/src/main/java/org/apache/camel/processor/ErrorHandlerSupport.java;camel-core/src/main/java/org/apache/camel/processor/exceptionpolicy/DefaultExceptionPolicyStrategy.java;camel-core/src/main/java/org/apache/camel/processor/exceptionpolicy/ExceptionPolicyStrategy.java;camel-core/src/test/java/org/apache/camel/builder/ErrorHandlerTest.java;camel-core/src/test/java/org/apache/camel/builder/ExceptionBuilderTest.java;camel-core/src/test/java/org/apache/camel/processor/DeadLetterChannelTest.java;camel-core/src/test/java/org/apache/camel/processor/ErrorHandlerSupportTest.java;camel-core/src/test/java/org/apache/camel/processor/exceptionpolicy/CustomExceptionPolicyStrategyTest.java;camel-core/src/test/java/org/apache/camel/processor/exceptionpolicy/DefaultExceptionPolicyStrategyTest.java;
697,Bug,Closed,Fixed,camel-core,Major,Claus Ibsen,2008/07/11 09:53:15 +0100,2008/07/11 09:53:15 +0100,Claus Ibsen,2008/07/11 10:23:31 +0100,0.021018519,0.021018519,"['transform', 'doesnt', 'propog', 'header']","['new', 'transform', 'dsl', 'propog', 'header', 'direct', 'four', 'transform', 'constant', 'london', 'mock', 'result', 'expect', 'header', 'exchang', 'direct', 'four', 'receiv', 'transform']",1.4.0,1.4.0,0,0,39,1,1,1,0,0,0,0,0.0,0.0,1.0,2.0,camel-core/src/main/java/org/apache/camel/processor/TransformProcessor.java;camel-core/src/test/java/org/apache/camel/processor/TransformProcessorWithHeaderTest.java;
714,Improvement,Closed,Fixed,,Major,Claus Ibsen,2008/07/14 07:26:10 +0100,2009/03/31 13:51:01 +0100,Claus Ibsen,2009/04/02 14:29:45 +0100,262.2941551,2.026898148,"['chang', 'default', 'deadletterchannel', 'strategi', 'camel']","['current', 'dlc', 'strategi', 'camel', 'retri', 'time', 'sec', 'delay', 'still', 'fail', 'move', 'log', 'warn', 'default', 'behavior', 'feasibl', 'end', 'user', 'fact', 'none', 'better', 'default', 'strategi', 'camel', 'also', 'forc', 'end', 'user', 'setup', 'strategi', 'start', 'improv', 'document', 'end', 'user', 'awar']",1.3.0; 1.4.0,2.0-M2,0,0,70,1,3,1,0,0,0,0,0.0,0.0,1.0,51.0,camel-core/src/main/java/org/apache/camel/builder/BuilderSupport.java;camel-core/src/main/java/org/apache/camel/builder/DefaultErrorHandlerBuilder.java;camel-core/src/main/java/org/apache/camel/impl/DefaultExchange.java;camel-core/src/main/java/org/apache/camel/model/ProcessorDefinition.java;camel-core/src/main/java/org/apache/camel/processor/DefaultErrorHandler.java;camel-core/src/test/java/org/apache/camel/builder/BuilderWithScopesTest.java;camel-core/src/test/java/org/apache/camel/builder/ErrorHandlerTest.java;camel-core/src/test/java/org/apache/camel/builder/ExceptionBuilderTest.java;camel-core/src/test/java/org/apache/camel/builder/ExceptionBuilderWithHandledExceptionTest.java;camel-core/src/test/java/org/apache/camel/builder/InterceptorBuilderWithEndTest.java;camel-core/src/test/java/org/apache/camel/builder/RouteBuilderTest.java;camel-core/src/test/java/org/apache/camel/issues/ExceptionTest.java;camel-core/src/test/java/org/apache/camel/issues/RomeksExceptionTest.java;camel-core/src/test/java/org/apache/camel/management/ExceptionWithManagementTest.java;camel-core/src/test/java/org/apache/camel/processor/BeanWithExceptionTest.java;camel-core/src/test/java/org/apache/camel/processor/DeadLetterChannelExceptionCausePropagatedTest.java;camel-core/src/test/java/org/apache/camel/processor/DefaultErrorHandlerExplicitConfiguredTest.java;camel-core/src/test/java/org/apache/camel/processor/DefaultErrorHandlerTest.java;camel-core/src/test/java/org/apache/camel/processor/MulticastStreamCachingTest.java;camel-core/src/test/java/org/apache/camel/processor/RedeliveryPolicyPerExceptionTest.java;camel-core/src/test/java/org/apache/camel/processor/ResequencerTest.java;camel-core/src/test/java/org/apache/camel/processor/StreamResequencerTest.java;camel-core/src/test/java/org/apache/camel/processor/StreamSourceContentBasedRouterTest.java;camel-core/src/test/java/org/apache/camel/processor/ThreadTest.java;camel-core/src/test/java/org/apache/camel/processor/TraceableUnitOfWorkTest.java;camel-core/src/test/java/org/apache/camel/processor/ValidatingProcessorTest.java;camel-core/src/test/java/org/apache/camel/processor/ValidationWithExceptionTest.java;camel-core/src/test/java/org/apache/camel/processor/ValidationWithHandlePipelineAndExceptionTest.java;camel-core/src/test/java/org/apache/camel/processor/ValidationWithInFlowExceptionTest.java;camel-core/src/test/java/org/apache/camel/processor/exceptionpolicy/DefaultExceptionPolicyStrategyUsingWhenTest.java;components/camel-cxf/src/test/resources/org/apache/camel/component/cxf/WsdlFirstBeans.xml;components/camel-cxf/src/test/resources/org/apache/camel/component/cxf/WsdlFirstBeansPayloadMode.xml;components/camel-jms/src/test/java/org/apache/camel/component/jms/JmsXMLRouteTest.java;components/camel-jms/src/test/java/org/apache/camel/component/jms/tx/AbstractTransactionTest.java;components/camel-jms/src/test/java/org/apache/camel/component/jms/tx/QueueToProcessorTransactionTest.java;components/camel-scala/src/test/scala/org/apache/camel/scala/dsl/InterceptorTest.scala;components/camel-spring/src/test/resources/org/apache/camel/spring/processor/onexception/RedeliveryPolicyRefTest.xml;components/camel-spring/src/test/resources/org/apache/camel/spring/processor/onexception/deadLetterChannelHandledExampleTest.xml;components/camel-spring/src/test/resources/org/apache/camel/spring/processor/onexception/onExceptionNotNormalizedClassNameTest.xml;components/camel-spring/src/test/resources/org/apache/camel/spring/processor/onexception/onExceptionSubRouteTest.xml;components/camel-spring/src/test/resources/org/apache/camel/spring/xml/buildCustomProcessor.xml;components/camel-spring/src/test/resources/org/apache/camel/spring/xml/buildCustomProcessorWithFilter.xml;components/camel-spring/src/test/resources/org/apache/camel/spring/xml/buildDynamicRecipientList.xml;components/camel-spring/src/test/resources/org/apache/camel/spring/xml/buildIdempotentConsumer.xml;components/camel-spring/src/test/resources/org/apache/camel/spring/xml/buildRouteWithInterceptor.xml;components/camel-spring/src/test/resources/org/apache/camel/spring/xml/buildSimpleRoute.xml;components/camel-spring/src/test/resources/org/apache/camel/spring/xml/buildSimpleRouteWithChoice.xml;components/camel-spring/src/test/resources/org/apache/camel/spring/xml/buildSimpleRouteWithHeaderPredicate.xml;components/camel-spring/src/test/resources/org/apache/camel/spring/xml/buildSplitter.xml;components/camel-spring/src/test/resources/org/apache/camel/spring/xml/buildStaticRecipientList.xml;components/camel-spring/src/test/resources/org/apache/camel/spring/xml/buildWireTap.xml;
723,Improvement,Closed,Fixed,camel-cxf,Major,Claus Ibsen,2008/07/15 12:04:34 +0100,2008/07/15 12:04:34 +0100,Willem Jiang,2008/08/26 10:00:01 +0100,41.91350694,41.91350694,"['cxf', 'wrapper', 'unwrapp', 'camel', 'cxf', 'smarter']","['willem', 'know', 'see', 'chat', 'log', 'juli', 'basic', 'getbodi', 'smart', 'kind', 'situat', 'use', 'cxf']",1.4.0,1.5.0,0,0,24,1,7,2,0,0,0,0,0.0,0.0,3.0,11.0,components/camel-cxf/pom.xml;components/camel-cxf/src/main/java/org/apache/camel/component/cxf/CamelInvoker.java;components/camel-cxf/src/test/java/org/apache/camel/component/cxf/CxfNonWrapperTest.java;components/camel-cxf/src/test/java/org/apache/camel/non_wrapper/PersonProcessor.java;components/camel-cxf/src/test/java/org/apache/camel/wsdl_first/PersonProcessor.java;components/camel-cxf/src/test/resources/org/apache/camel/component/cxf/nonWrapperProcessor.xml;components/camel-cxf/src/test/resources/person-non-wrapper.wsdl;components/camel-cxf/pom.xml;components/camel-cxf/src/test/resources/person-non-wrapper-binding.xml;components/camel-cxf/src/test/resources/person-non-wrapper.wsdl;components/camel-cxf/src/test/java/org/apache/camel/non_wrapper/PersonProcessor.java;
839,Improvement,Closed,Fixed,camel-core,Minor,Claus Ibsen,2008/08/21 10:43:47 +0100,2008/08/21 10:43:47 +0100,Claus Ibsen,2008/08/23 09:55:24 +0100,1.966400463,1.966400463,"['type', 'convert', 'possibl', 'convert', 'log', 'warn']","['end', 'user', 'rout', 'work', 'troubl', 'figur', 'problem', 'could', 'fact', 'type', 'convert', 'fail', 'reason', 'trace', 'log', 'add', 'debug', 'log', 'type', 'convert', 'stuff', 'especi', 'case', 'cant', 'convert', 'anoth', 'ticket', 'type', 'convert', 'fail', 'instead', 'return', 'null', 'etc']",1.5.0,1.5.0,0,0,70,1,3,1,1,0,0,0,0.0,0.0,3.0,20.0,camel-core/src/main/java/org/apache/camel/impl/converter/DefaultTypeConverter.java;camel-core/src/main/java/org/apache/camel/TypeConverter.java;camel-core/src/main/java/org/apache/camel/impl/DefaultLifecycleStrategy.java;camel-core/src/main/java/org/apache/camel/impl/converter/DefaultTypeConverter.java;camel-core/src/main/java/org/apache/camel/management/InstrumentationLifecycleStrategy.java;camel-core/src/main/java/org/apache/camel/spi/BrowsableEndpoint.java;camel-core/src/main/java/org/apache/camel/spi/DataFormat.java;camel-core/src/main/java/org/apache/camel/spi/ErrorHandlerWrappingStrategy.java;camel-core/src/main/java/org/apache/camel/spi/ExchangeConverter.java;camel-core/src/main/java/org/apache/camel/spi/HeaderFilterStrategy.java;camel-core/src/main/java/org/apache/camel/spi/InstrumentationAgent.java;camel-core/src/main/java/org/apache/camel/spi/Language.java;camel-core/src/main/java/org/apache/camel/spi/LanguageResolver.java;camel-core/src/main/java/org/apache/camel/spi/LifecycleStrategy.java;camel-core/src/main/java/org/apache/camel/spi/Provider.java;camel-core/src/main/java/org/apache/camel/spi/RouteContext.java;camel-core/src/main/java/org/apache/camel/spi/Synchronization.java;camel-core/src/main/java/org/apache/camel/spi/TypeConverterAware.java;camel-core/src/main/java/org/apache/camel/spi/UnitOfWork.java;camel-core/src/main/java/org/apache/camel/impl/converter/DefaultTypeConverter.java;
1090,Bug,Closed,Fixed,camel-core,Major,Gary Tully,2008/11/14 16:28:52 +0100,2008/11/14 16:28:52 +0100,Gary Tully,2008/11/14 16:30:23 +0100,0.0010532410000000001,0.001053241,"['throughputlogg', 'incorrect', 'report', 'durat']","['apach', 'camel', 'load', 'test', 'mponent', 'info', 'aset', 'mydataset', 'producedelay', 'sent', 'messag', 'far', 'last', 'group', 'took', 'milli', 'messag', 'per', 'second', 'averag', 'throughputlogg', 'use', 'dataset', 'reset', 'durat', 'report']",1.5.0,1.6.0; 2.0-M1,0,0,38,1,4,3,1,0,0,0,0.0,0.0,1.0,2.0,camel-core/src/main/java/org/apache/camel/processor/ThroughputLogger.java;camel-core/src/test/java/org/apache/camel/processor/ThroughPutLoggerTest.java;
1195,Improvement,Closed,Fixed,camel-core,Major,Claus Ibsen,2008/12/18 06:17:16 +0100,2008/12/18 06:17:16 +0100,Claus Ibsen,2008/12/26 11:35:19 +0100,8.220868056,8.220868056,"['file', 'compon', 'exclus', 'read', 'lock', 'strategi', 'use', 'renam']","['see', 'camel', 'end', 'user', 'problem', 'read', 'lock', 'grant', 'ioexcept', 'thrown', 'support', 'strategi', 'ftp', 'consum', 'tri', 'renam', 'file', 'also', 'allow', 'nice', 'uri', 'option', 'select', 'strategi', 'nio', 'lock', 'renam']",1.5.0; 1.6.0,2.0-M1,0,0,73,1,9,3,0,0,0,0,0.0,1.0,6.0,22.0,camel-core/src/test/java/org/apache/camel/component/file/FileExclusiveReadRenameStrategyTest.java;camel-core/src/test/java/org/apache/camel/component/file/FileExclusiveReadRenameStrategyTest.java;components/camel-mail/pom.xml;camel-core/src/test/java/org/apache/camel/component/file/FileExclusiveReadRenameStrategyTest.java;camel-core/src/main/java/org/apache/camel/component/file/ExclusiveReadLockStrategy.java;camel-core/src/main/java/org/apache/camel/component/file/strategy/FileLockExclusiveReadLockStrategy.java;camel-core/src/main/java/org/apache/camel/component/file/strategy/FileRenameExclusiveReadLockStrategy.java;camel-core/src/main/java/org/apache/camel/component/file/strategy/FileLockExclusiveReadLockStrategy.java;camel-core/src/main/java/org/apache/camel/component/file/ExclusiveReadLockStrategy.java;camel-core/src/main/java/org/apache/camel/component/file/FileConsumer.java;camel-core/src/main/java/org/apache/camel/component/file/FileEndpoint.java;camel-core/src/main/java/org/apache/camel/component/file/strategy/FileLockExclusiveReadLockStrategy.java;camel-core/src/main/java/org/apache/camel/component/file/strategy/FileProcessStrategyFactory.java;camel-core/src/main/java/org/apache/camel/component/file/strategy/FileProcessStrategySupport.java;camel-core/src/main/java/org/apache/camel/component/file/strategy/FileRenameExclusiveReadLockStrategy.java;camel-core/src/main/java/org/apache/camel/component/mock/MockEndpoint.java;camel-core/src/main/java/org/apache/camel/impl/ScheduledPollConsumer.java;camel-core/src/test/java/org/apache/camel/component/file/FileExclusiveReadManuelTest.java;camel-core/src/test/java/org/apache/camel/component/file/FileExclusiveReadNoneStrategyTest.java;camel-core/src/test/java/org/apache/camel/component/file/FileExclusiveReadRenameStrategyTest.java;camel-core/src/test/java/org/apache/camel/component/file/FileExclusiveReadTest.java;camel-core/src/test/resources/log4j.properties;
1247,Bug,Closed,Fixed,camel-ftp,Major,Paddy Daly,2009/01/12 13:18:20 +0100,2009/01/12 13:29:07 +0100,Claus Ibsen,2009/01/14 06:05:12 +0100,1.6992129630000001,1.691724537,"['sftp', 'poll', 'list', 'directori', 'error']",[],2.0.0,2.0-M1,0,0,4,1,19,2,0,0,0,0,0.0,0.0,4.0,8.0,components/camel-ftp/src/main/java/org/apache/camel/component/file/remote/SftpConsumer.java;components/camel-ftp/src/main/java/org/apache/camel/component/file/remote/SftpConsumer.java;components/camel-ftp/src/main/java/org/apache/camel/component/file/remote/SftpConsumer.java;components/camel-ftp/src/main/java/org/apache/camel/component/file/remote/FtpConsumer.java;components/camel-ftp/src/main/java/org/apache/camel/component/file/remote/FtpRemoteFileOperations.java;components/camel-ftp/src/main/java/org/apache/camel/component/file/remote/SftpConsumer.java;components/camel-ftp/src/main/java/org/apache/camel/component/file/remote/SftpRemoteFileOperations.java;components/camel-ftp/src/test/java/org/apache/camel/component/file/remote/FtpConsumerWithNoFileOptionTest.java;
1357,Improvement,Closed,Fixed,,Major,Jonathan Anstey,2009/02/18 19:10:16 +0100,2009/02/18 19:10:16 +0100,Jonathan Anstey,2009/02/18 19:43:27 +0100,0.023043981,0.023043981,"['add', 'regexreplaceal', 'builder', 'support']","['thing', 'likefrom', 'direct', 'start', 'setbodi', 'regexreplaceal', 'bodi', 'foo', 'bar', 'essenti', 'equival', 'sed', 'foo', 'bar', 'g', 'bodi']",1.6.0,2.0-M1; 1.6.1,0,0,28,1,2,2,0,0,0,0,0.0,0.0,1.0,4.0,camel-core/src/main/java/org/apache/camel/builder/Builder.java;camel-core/src/main/java/org/apache/camel/builder/BuilderSupport.java;camel-core/src/main/java/org/apache/camel/builder/ValueBuilder.java;camel-core/src/test/java/org/apache/camel/processor/RegExRouteTest.java;
1378,Improvement,Closed,Fixed,camel-core,Major,Claus Ibsen,2009/02/24 17:22:36 +0100,2009/02/24 17:22:36 +0100,Claus Ibsen,2009/02/24 17:58:14 +0100,0.02474537,0.02474537,"['header', 'valu', 'default', 'set', 'name', 'attribut']","['bean', 'bind', 'public', 'list', 'lt', 'string', 'gt', 'rout', 'xpath', 'custom', 'id', 'string', 'customerid', 'header', 'locat', 'string', 'locat', 'document', 'bodi', 'header', 'default', 'valu', 'get', 'work', 'public', 'list', 'lt', 'string', 'gt', 'rout', 'xpath', 'custom', 'id', 'string', 'customerid', 'header', 'name', 'locat', 'string', 'locat', 'document', 'bodi', 'support', 'set', 'name', 'attribut']",1.6.0,2.0-M1,0,0,84,1,2,1,0,0,0,0,0.0,0.0,3.0,15.0,camel-core/src/main/java/org/apache/camel/Header.java;camel-core/src/main/java/org/apache/camel/InOnly.java;camel-core/src/main/java/org/apache/camel/InOut.java;camel-core/src/main/java/org/apache/camel/Property.java;camel-core/src/main/java/org/apache/camel/component/bean/BeanInfo.java;camel-core/src/test/java/org/apache/camel/component/bean/BeanWithAnnotationAndExchangeTest.java;camel-core/src/test/java/org/apache/camel/language/BeanTest.java;camel-core/src/test/java/org/apache/camel/processor/BeanWithExceptionTest.java;camel-core/src/test/java/org/apache/camel/processor/BodyInAggregatingStrategy.java;camel-core/src/test/java/org/apache/camel/processor/ClaimCheckTest.java;camel-core/src/test/java/org/apache/camel/processor/MethodFilterTest.java;camel-core/src/test/java/org/apache/camel/processor/MyAggregationStrategy.java;camel-core/src/test/java/org/apache/camel/processor/onexception/OnExceptionRetryUntilTest.java;components/camel-spring/src/test/java/org/apache/camel/component/bean/MyBeanBindingConsumer.java;components/camel-spring/src/test/java/org/apache/camel/component/bean/MyBeanBindingConsumer.java;
1414,Bug,Closed,Fixed,camel-jms,Major,Nicolas Bouillon,2009/03/03 15:37:47 +0100,2009/03/03 15:59:14 +0100,Willem Jiang,2009/03/03 16:46:35 +0100,0.047777778,0.032881944,"['jmsmessag', 'vanish', 'attach']","['use', 'kind', 'rout', 'lt', 'uri', 'activemq', 'queue', 'test', 'gt', 'lt', 'camel', 'process', 'ref', 'mailprocessor', 'gt', 'lt', 'uri', 'smtp', 'localhost', 'user', 'localhost', 'gt', 'tri', 'enrich', 'messag', 'mailprocessor', 'withexchang', 'getin', 'addattach', 'attach', 'txt', 'new', 'datahandl', 'hello', 'world', 'text', 'plain', 'receiv', 'mail', 'contain', 'attach', 'input', 'direct', 'instead', 'activemq', 'work', 'fine', 'inspect', 'sourc', 'code', 'messagesupport', 'copyfrom', 'messag', 'doesgetattach', 'putal', 'getattach', 'child', 'class', 'jmsmessag']",2.0.0,2.0-M1; 1.6.1,0,0,52,1,3,3,0,0,0,0,0.0,0.0,2.0,2.0,components/camel-spring-integration/src/main/java/org/apache/camel/component/spring/integration/SpringIntegrationMessage.java;components/camel-jms/src/main/java/org/apache/camel/component/jms/JmsMessage.java;
1681,Improvement,Closed,Fixed,,Major,Willem Jiang,2009/06/08 09:09:45 +0100,2009/06/08 09:09:45 +0100,Willem Jiang,2009/06/16 05:47:24 +0100,7.859479167000001,7.859479167,"['clean', 'camelnamespacehandl']","['sinc', 'use', 'jaxb', 'pars', 'rout', 'definit', 'get', 'ride', 'unnecessari', 'bean', 'parser', 'registri', 'code']",1.5.0; 1.6.0; 2.0-M1; 1.6.1,1.6.2; 2.0-M2,0,0,22,1,2,2,0,1,0,0,0.0,0.0,1.0,2.0,components/camel-osgi/src/main/java/org/apache/camel/osgi/CamelNamespaceHandler.java;components/camel-spring/src/main/java/org/apache/camel/spring/handler/CamelNamespaceHandler.java;
1858,Improvement,Closed,Fixed,camel-jms,Minor,Stan Lewis,2009/07/27 19:51:43 +0100,2009/07/28 05:07:51 +0100,Claus Ibsen,2009/07/28 05:43:39 +0100,0.411064815,0.024861111,"['provid', 'flag', 'avoid', 'map', 'jms', 'messag', 'actual', 'type']","['camel', 'add', 'abil', 'use', 'custom', 'spring', 'messageconvert', 'map', 'incom', 'outgo', 'jms', 'messag', 'also', 'make', 'easier', 'pass', 'rout', 'camel', 'tri', 'deseri', 'serial', 'object', 'messag', 'improv', 'add', 'simpl', 'flag', 'achiev', 'similar', 'effect', 'without', 'suppli', 'messageconvert', 'implement']",1.6.1; 2.0-M3,1.6.2; 2.0.0,0,0,77,1,6,2,1,1,0,0,0.0,0.0,1.0,3.0,components/camel-jms/src/main/java/org/apache/camel/component/jms/JmsBinding.java;components/camel-jms/src/main/java/org/apache/camel/component/jms/JmsConfiguration.java;components/camel-jms/src/test/java/org/apache/camel/component/jms/MapJmsMessageTest.java;
1988,Improvement,Closed,Fixed,,Critical,Guillaume Nodet,2009/09/04 11:01:13 +0100,2009/09/15 14:27:39 +0100,Guillaume Nodet,2009/09/17 16:16:39 +0100,13.21905093,2.075694444,"['better', 'osgi', 'metadata', 'allow', 'deploy', 'multipl', 'camel', 'version', 'osgi', 'framework']",[],1.6.1; 2.0.0,1.6.2; 2.1.0,0,0,1,1,3,2,1,1,0,0,0.0,0.0,1.0,23.0,camel-core/pom.xml;components/camel-amqp/pom.xml;components/camel-atom/pom.xml;components/camel-cxf/pom.xml;components/camel-flatpack/pom.xml;components/camel-freemarker/pom.xml;components/camel-http/pom.xml;components/camel-jpa/pom.xml;components/camel-mina/pom.xml;components/camel-osgi/pom.xml;components/camel-osgi/src/main/java/org/apache/camel/osgi/Activator.java;components/camel-quickfix/pom.xml;components/camel-spring-integration/pom.xml;components/camel-spring-javaconfig/pom.xml;components/camel-spring/pom.xml;components/camel-stringtemplate/pom.xml;components/camel-velocity/pom.xml;components/camel-xmlbeans/pom.xml;components/camel-xmpp/pom.xml;parent/pom.xml;platforms/karaf/features/pom.xml;platforms/karaf/features/src/main/resources/features.xml;pom.xml;
2195,Improvement,Closed,Fixed,camel-cxf,Major,Claus Ibsen,2009/11/18 11:30:58 +0100,2009/11/18 11:30:58 +0100,Willem Jiang,2009/12/16 09:13:20 +0100,27.9044213,27.9044213,"['camel', 'cxf', 'cxfproduc', 'check', 'paramet', 'strict', 'ensur', 'number', 'paramet', 'requir']","['method', 'getparam', 'cxfproduc', 'check', 'correct', 'number', 'paramet', 'data', 'mandatori']",2.0.0,2.2.0,0,0,21,1,1,1,0,0,0,0,0.0,0.0,1.0,1.0,components/camel-cxf/src/main/java/org/apache/camel/component/cxf/CxfProducer.java;
2201,Bug,Closed,Fixed,camel-core,Trivial,Claus Ibsen,2009/11/19 05:58:52 +0100,2009/11/19 05:58:52 +0100,Claus Ibsen,2009/11/19 06:48:26 +0100,0.034421296000000004,0.034421296,"['redeliverypolici', 'set', 'delay', 'maxdelay', 'also', 'set', 'max', 'valu']","['see', 'nabbl']",2.0.0,2.1.0,0,0,5,1,2,1,0,0,0,0,0.0,0.0,1.0,1.0,camel-core/src/main/java/org/apache/camel/processor/RedeliveryPolicy.java;
2276,Improvement,Closed,Fixed,camel-core,Trivial,Claus Ibsen,2009/12/10 12:24:19 +0100,2009/12/10 12:24:19 +0100,Claus Ibsen,2009/12/10 12:32:28 +0100,0.005659722,0.005659722,"['seda', 'compon', 'support', 'timeout', 'task', 'complet', 'use', 'timeout', 'negat']","['see', 'nabbl']",2.1.0,2.2.0,0,0,5,1,1,1,0,0,0,0,0.0,0.0,1.0,3.0,camel-core/src/main/java/org/apache/camel/component/seda/SedaProducer.java;camel-core/src/main/java/org/apache/camel/impl/DefaultProducer.java;camel-core/src/test/java/org/apache/camel/component/seda/SedaTimeoutDisabledTest.java;
2320,Bug,Closed,Fixed,camel-jdbc,Minor,Pradeep Elankumaran,2009/12/24 19:11:03 +0100,2009/12/25 09:50:46 +0100,Claus Ibsen,2009/12/25 09:53:21 +0100,0.6127083329999999,0.001793981,"['jdbc', 'compon', 'preserv', 'header']","['jdbc', 'compon', 'preserv', 'header', 'sent']",2.1.0,2.2.0,0,1,13,1,4,2,1,0,0,0,0.0,0.0,1.0,2.0,components/camel-jdbc/src/main/java/org/apache/camel/component/jdbc/JdbcProducer.java;components/camel-jdbc/src/test/java/org/apache/camel/component/jdbc/JdbcPreserveHeadersTest.java;
2375,Improvement,Closed,Fixed,camel-core,Major,Claus Ibsen,2010/01/18 16:39:09 +0100,2010/01/18 16:39:09 +0100,Claus Ibsen,2010/01/18 18:15:58 +0100,0.067233796,0.067233796,"['let', 'expressionclaus', 'reusabl', 'builder', 'rout', 'base']","['allow', 'use', 'express', 'expressionclaus', 'mani', 'builder', 'tie', 'rout', 'model', 'exampl', 'mock', 'notifi', 'builder', 'elsewher']",2.0.0; 2.1.0,2.2.0,0,0,30,1,1,1,1,1,0,0,0.0,0.0,1.0,14.0,camel-core/src/main/java/org/apache/camel/builder/ExpressionClause.java;camel-core/src/main/java/org/apache/camel/builder/ExpressionClauseSupport.java;camel-core/src/main/java/org/apache/camel/builder/NotifyBuilder.java;camel-core/src/main/java/org/apache/camel/component/mock/AssertionClause.java;camel-core/src/main/java/org/apache/camel/component/mock/MockEndpoint.java;camel-core/src/main/java/org/apache/camel/converter/jaxp/XmlConverter.java;camel-core/src/main/java/org/apache/camel/model/language/ExpressionDefinition.java;camel-core/src/main/java/org/apache/camel/model/language/MethodCallExpression.java;camel-core/src/main/java/org/apache/camel/model/language/NamespaceAwareExpression.java;camel-core/src/main/java/org/apache/camel/model/language/TokenizerExpression.java;camel-core/src/main/java/org/apache/camel/model/language/XPathExpression.java;camel-core/src/main/java/org/apache/camel/model/language/XQueryExpression.java;camel-core/src/test/java/org/apache/camel/builder/NotifyBuilderTest.java;camel-core/src/test/java/org/apache/camel/component/mock/MockAssertionClauseTest.java;
2483,Improvement,Closed,Fixed,camel-core,Minor,Claus Ibsen,2010/02/18 08:54:28 +0100,2010/02/18 08:54:28 +0100,Claus Ibsen,2010/02/18 08:55:05 +0100,0.00042800000000000005,4.28E-04,"['notifybuild', 'add', 'reset', 'method']","['add', 'reset', 'method']",2.2.0,2.3.0,0,0,4,1,2,1,0,0,0,0,0.0,0.0,1.0,2.0,camel-core/src/main/java/org/apache/camel/builder/NotifyBuilder.java;camel-core/src/test/java/org/apache/camel/builder/NotifyBuilderTest.java;
2704,Improvement,Closed,Fixed,camel-core,Major,Claus Ibsen,2010/05/08 14:26:16 +0100,2010/05/27 08:30:56 +0100,Willem Jiang,2010/05/31 05:03:46 +0100,22.609375,3.856134259,"['routingslip', 'let', 'express', 'base']","['current', 'rout', 'slip', 'eip', 'bit', 'inflex', 'mandat', 'attach', 'slip', 'creat', 'beforehand', 'would', 'nice', 'could', 'let', 'express', 'base', 'generat', 'initi', 'attach', 'slip', 'end', 'user', 'use', 'bean', 'generat', 'slip', 'requir', 'chang', 'dsl', 'backward', 'compat', 'make', 'eip', 'line', 'recipi', 'list', 'other', 'express', 'base']",2.3.0,2.4.0,0,0,72,1,3,2,0,0,0,0,0.0,0.0,5.0,17.0,camel-core/src/main/java/org/apache/camel/RoutingSlip.java;camel-core/src/main/java/org/apache/camel/component/bean/MethodInfo.java;camel-core/src/main/java/org/apache/camel/processor/RoutingSlip.java;camel-core/src/main/java/org/apache/camel/util/ExchangeHelper.java;camel-core/src/test/java/org/apache/camel/processor/routingslip/RoutingSlipPOJOTest.java;components/camel-spring/src/test/resources/org/apache/camel/spring/processor/routingSlipIgnoreInvalidEndpoints.xml;components/camel-scala/src/main/scala/org/apache/camel/scala/dsl/DSL.scala;components/camel-scala/src/main/scala/org/apache/camel/scala/dsl/SAbstractDefinition.scala;components/camel-scala/src/main/scala/org/apache/camel/scala/dsl/builder/RouteBuilder.scala;components/camel-scala/src/test/scala/org/apache/camel/scala/dsl/SRoutingSlipTest.scala;camel-core/src/main/java/org/apache/camel/model/ProcessorDefinition.java;camel-core/src/main/java/org/apache/camel/model/RoutingSlipDefinition.java;camel-core/src/test/java/org/apache/camel/processor/routingslip/RoutingSlipTest.java;components/camel-spring/src/test/resources/org/apache/camel/spring/processor/routingSlip.xml;camel-core/src/main/java/org/apache/camel/model/RoutingSlipDefinition.java;components/camel-web/src/main/java/org/apache/camel/web/util/ExpressionNodeRenderer.java;components/camel-web/src/test/java/org/apache/camel/web/groovy/RoutingSlipDSLTest.java;
2837,Improvement,Closed,Fixed,,Major,Christian M?ller,2010/06/21 18:38:53 +0100,2010/06/21 18:38:53 +0100,Christian M?ller,2010/06/27 22:03:47 +0100,6.142291667,6.142291667,"['csvdatafromat', 'delimit', 'also', 'configur', 'xml', 'spring', 'dsl']","['org', 'apach', 'camel', 'model', 'dataformat', 'csvdataformat', 'support', 'attribut', 'nest', 'element', 'xml', 'dsl', 'current', 'possibl', 'xml', 'spring', 'dsl', 'chang', 'token', 'delimit', 'possibl', 'java', 'dsl', 'see', 'nabbl']",2.4.0,2.4.0,0,0,40,1,2,2,1,0,0,0,0.0,0.0,2.0,8.0,components/camel-csv/src/main/java/org/apache/camel/dataformat/csv/CsvDataFormat.java;components/camel-csv/src/test/java/org/apache/camel/dataformat/csv/CsvMarshalPipeDelimiterSpringTest.java;components/camel-csv/src/test/java/org/apache/camel/dataformat/csv/CsvMarshalPipeDelimiterTest.java;components/camel-csv/src/test/java/org/apache/camel/dataformat/csv/CsvUnmarshalPipeDelimiterSpringTest.java;components/camel-csv/src/test/java/org/apache/camel/dataformat/csv/CsvUnmarshalPipeDelimiterTest.java;components/camel-csv/src/test/resources/org/apache/camel/dataformat/csv/CsvMarshalPipeDelimiterSpringTest-context.xml;components/camel-csv/src/test/resources/org/apache/camel/dataformat/csv/CsvUnmarshalPipeDelimiterSpringTest-context.xml;camel-core/src/main/java/org/apache/camel/model/dataformat/CsvDataFormat.java;
2920,Improvement,Closed,Fixed,camel-core,Major,james strachan,2010/07/07 17:43:09 +0100,2010/07/08 06:11:20 +0100,Claus Ibsen,2010/07/09 08:25:33 +0100,1.612777778,1.093206019,"['eager', 'valid', 'rout']","['seem', 'dynam', 'creat', 'invalid', 'rout', 'fail', 'fast', 'error', 'e', 'g', 'seda', 'foo', 'beanref', 'doesnotexist', 'nomethodcalledthi', 'messag', 'sent', 'seda', 'foo', 'whole', 'thing', 'barf', 'mayb', 'check', 'valid', 'first', 'allow', 'consum', 'startup', 'noth', 'els', 'fail', 'faster', 'earlier', 'help', 'user', 'spot', 'error', 'sooner']",2.3.0,2.4.0,0,0,69,1,5,2,0,0,0,0,0.0,0.0,2.0,16.0,camel-core/src/main/java/org/apache/camel/language/bean/BeanExpression.java;camel-core/src/main/java/org/apache/camel/model/BeanDefinition.java;camel-core/src/main/java/org/apache/camel/model/language/MethodCallExpression.java;camel-core/src/test/java/org/apache/camel/component/bean/BeanRefNotFoundTest.java;camel-core/src/test/java/org/apache/camel/component/bean/MethodCallBeanRefNotFoundTest.java;camel-core/src/test/java/org/apache/camel/view/DotViewTest.java;camel-core/src/main/java/org/apache/camel/component/bean/BeanInfo.java;camel-core/src/main/java/org/apache/camel/model/BeanDefinition.java;camel-core/src/main/java/org/apache/camel/model/language/MethodCallExpression.java;camel-core/src/test/java/org/apache/camel/component/bean/BeanInfoTest.java;camel-core/src/test/java/org/apache/camel/component/bean/BeanRefMethodNotFoundTest.java;camel-core/src/test/java/org/apache/camel/component/bean/BeanWithMethodHeaderTest.java;camel-core/src/test/java/org/apache/camel/component/bean/MethodCallBeanRefMethodNotFoundTest.java;camel-core/src/test/java/org/apache/camel/component/bean/MethodCallBeanRefNotFoundTest.java;camel-core/src/test/java/org/apache/camel/processor/aggregator/AggregatorBeanThrowExceptionTest.java;camel-core/src/test/java/org/apache/camel/view/DotViewTest.java;
2925,Improvement,Closed,Fixed,,Major,Hadrian Zbarcea,2010/07/08 16:27:35 +0100,2010/07/08 16:27:35 +0100,Hadrian Zbarcea,2010/08/27 10:49:47 +0100,49.76541667,49.76541667,"['use', 'forkmod', 'surefir', 'plugin', 'signific', 'speed', 'test']","['need', 'reduc', 'test', 'time', 'camel', 'sinc', 'got', 'mani', 'test', 'work', 'wee', 'need', 'make', 'sure', 'side', 'effect', 'outsid', 'test', 'alway', 'simpl', 'side', 'effect', 'usual', 'stem', 'use', 'static', 'field', 'class', 'share', 'across', 'multipl', 'test', 'cach', 'exchang', 'whatnot', 'avoid']",2.3.0,2.5.0,0,0,63,1,4,2,0,0,0,0,0.0,0.0,0.0,0.0,
3140,Improvement,Closed,Fixed,camel-core,Minor,Martin Krasser,2010/09/21 08:15:18 +0100,2010/09/21 08:15:18 +0100,Martin Krasser,2010/09/23 19:24:02 +0100,2.464398148,2.464398148,"['context', 'sensit', 'set', 'default', 'uuidgener']","['use', 'javauuidgener', 'gae', 'environ', 'otherwis', 'use', 'activemquuidgener', 'default', 'uuidgener']",2.4.0,2.5.0,0,0,12,1,7,2,0,0,0,0,0.0,0.0,0.0,0.0,
3260,Improvement,Resolved,Fixed,camel-core,Minor,Claus Ibsen,2010/10/20 15:00:15 +0100,2011/05/07 09:53:34 +0100,Claus Ibsen,2011/05/07 11:44:52 +0100,198.8643171,0.077291667,"['let', 'lazyloadingtypeconvert', 'load', 'convert', 'camel', 'core', 'startup']","['use', 'lazi', 'load', 'type', 'convert', 'spring', 'xml', 'trigger', 'type', 'convert', 'load', 'startup', 'due', 'xml', 'configur', 'need', 'convert', 'string', 'gt', 'type', 'etc', 'let', 'camel', 'alway', 'load', 'type', 'convert', 'camel', 'core', 'essenti', 'packag', 'scan', 'convert', 'load', 'demand', 'later']",2.5.0,2.8.0,0,0,58,1,0,0,0,0,0,0,0.0,0.0,1.0,78.0,camel-core/src/main/java/org/apache/camel/converter/ObjectConverter.java;camel-core/src/main/java/org/apache/camel/impl/converter/AnnotationTypeConverterLoader.java;camel-core/src/main/java/org/apache/camel/impl/converter/BaseTypeConverterRegistry.java;camel-core/src/main/java/org/apache/camel/impl/converter/CorePackageScanClassResolver.java;camel-core/src/main/java/org/apache/camel/impl/converter/CoreTypeConverterLoader.java;camel-core/src/main/java/org/apache/camel/impl/converter/DefaultTypeConverter.java;camel-core/src/main/java/org/apache/camel/impl/converter/EnumTypeConverter.java;camel-core/src/main/java/org/apache/camel/impl/converter/LazyLoadingTypeConverter.java;camel-core/src/main/java/org/apache/camel/impl/osgi/Activator.java;camel-core/src/main/resources/META-INF/services/org/apache/camel/TypeConverter;camel-core/src/test/java/org/apache/camel/ContextTestSupport.java;camel-core/src/test/java/org/apache/camel/builder/PredicateBinaryCoerceRouteTest.java;camel-core/src/test/java/org/apache/camel/converter/InstanceDummyFallbackConverter.java;camel-core/src/test/java/org/apache/camel/converter/InstanceMethodWithExchangeTestConverter.java;camel-core/src/test/java/org/apache/camel/converter/MyFallbackPromoteConverter.java;camel-core/src/test/java/org/apache/camel/converter/PurchaseOrderConverter.java;camel-core/src/test/java/org/apache/camel/converter/StaticDummyFallbackConverter.java;camel-core/src/test/java/org/apache/camel/converter/StaticMethodWithExchangeTestConverter.java;camel-core/src/test/java/org/apache/camel/converter/myconverter/InstanceDummyFallbackConverter.java;camel-core/src/test/java/org/apache/camel/converter/myconverter/InstanceMethodWithExchangeTestConverter.java;camel-core/src/test/java/org/apache/camel/converter/myconverter/MyFallbackPromoteConverter.java;camel-core/src/test/java/org/apache/camel/converter/myconverter/PurchaseOrderConverter.java;camel-core/src/test/java/org/apache/camel/converter/myconverter/StaticDummyFallbackConverter.java;camel-core/src/test/java/org/apache/camel/converter/myconverter/StaticMethodWithExchangeTestConverter.java;camel-core/src/test/java/org/apache/camel/processor/SimpleMockNoLazyTypeConverterTest.java;camel-core/src/test/resources/META-INF/services/org/apache/camel/TypeConverter;camel-core/src/test/resources/log4j.properties;components/camel-blueprint/pom.xml;components/camel-blueprint/src/main/java/org/apache/camel/blueprint/BlueprintCamelContext.java;components/camel-core-osgi/src/main/java/org/apache/camel/core/osgi/OsgiComponentResolver.java;components/camel-core-osgi/src/main/java/org/apache/camel/core/osgi/OsgiDefaultCamelContext.java;components/camel-core-osgi/src/main/java/org/apache/camel/core/osgi/OsgiTypeConverter.java;components/camel-core-osgi/src/test/resources/META-INF/services/org/apache/camel/TypeConverter;components/camel-ftp/src/test/java/org/apache/camel/component/file/remote/FtpConsumerDirectoriesNotMatchedTest.java;components/camel-groovy/pom.xml;components/camel-groovy/src/test/java/org/apache/camel/language/groovy/GroovyInvokeMethodTest.java;components/camel-groovy/src/test/java/org/apache/camel/language/groovy/GroovyLanguageTest.java;components/camel-groovy/src/test/java/org/apache/camel/language/groovy/GroovySetFixedHeaderTest.java;components/camel-groovy/src/test/java/org/apache/camel/language/groovy/GroovySetHeaderTest.java;components/camel-groovy/src/test/java/org/apache/camel/processor/groovy/GroovyFilterTest.java;components/camel-groovy/src/test/resources/org/apache/camel/processor/groovy/groovyFilter.xml;components/camel-jetty/src/test/java/org/apache/camel/component/jetty/JettyMinMaxThreadPoolTest.java;components/camel-juel/pom.xml;components/camel-juel/src/test/java/org/apache/camel/language/juel/JuelLanguageTest.java;components/camel-juel/src/test/java/org/apache/camel/language/juel/JuelTest.java;components/camel-juel/src/test/java/org/apache/camel/language/juel/NullBodyTest.java;components/camel-juel/src/test/java/org/apache/camel/language/juel/issues/XsltLosesHeaderTest.java;components/camel-juel/src/test/java/org/apache/camel/processor/juel/SimulatorTest.java;components/camel-msv/pom.xml;components/camel-msv/src/test/java/org/apache/camel/component/validator/msv/RelaxNGRouteTest.java;components/camel-mvel/pom.xml;components/camel-mvel/src/test/java/org/apache/camel/language/mvel/MvelTest.java;components/camel-ognl/pom.xml;components/camel-ognl/src/test/java/org/apache/camel/language/ognl/OgnlInvokeMethodTest.java;components/camel-ognl/src/test/java/org/apache/camel/language/ognl/OgnlTest.java;components/camel-ognl/src/test/java/org/apache/camel/language/ognl/patterns/FilterTest.java;components/camel-script/pom.xml;components/camel-script/src/test/java/org/apache/camel/builder/script/example/AnyLanguageFilterTest.java;components/camel-script/src/test/java/org/apache/camel/builder/script/example/BeanShellFilterTest.java;components/camel-script/src/test/java/org/apache/camel/builder/script/example/GroovyFilterTest.java;components/camel-script/src/test/java/org/apache/camel/builder/script/example/JavaScriptFilterTest.java;components/camel-script/src/test/java/org/apache/camel/builder/script/example/PythonFilterTest.java;components/camel-script/src/test/java/org/apache/camel/builder/script/example/RubyFilterTest.java;components/camel-script/src/test/java/org/apache/camel/builder/script/example/XPathFilterTest.java;components/camel-script/src/test/java/org/apache/camel/language/script/JavaScriptLanguageTest.java;components/camel-script/src/test/java/org/apache/camel/language/script/PythonLanguageTest.java;components/camel-spring/src/main/java/org/apache/camel/osgi/OsgiSpringCamelContext.java;components/camel-spring/src/test/java/org/apache/camel/spring/SpringTestSupport.java;components/camel-test/src/main/java/org/apache/camel/test/CamelTestSupport.java;components/camel-test/src/main/java/org/apache/camel/test/LanguageTestSupport.java;components/camel-test/src/main/java/org/apache/camel/test/junit4/CamelTestSupport.java;components/camel-test/src/main/java/org/apache/camel/test/junit4/LanguageTestSupport.java;components/camel-test/src/test/java/org/apache/camel/test/patterns/DebugNoLazyTypeConverterTest.java;components/camel-testng/src/main/java/org/apache/camel/testng/CamelTestSupport.java;components/camel-testng/src/main/java/org/apache/camel/testng/LanguageTestSupport.java;components/camel-testng/src/test/java/org/apache/camel/testng/patterns/DebugNoLazyTypeConverterTest.java;components/camel-testng/src/test/java/org/apache/camel/testng/patterns/DebugTest.java;components/camel-testng/src/test/java/org/apache/camel/testng/patterns/FilterTest.java;
882,Bug,Closed,Fixed,camel-ftp,Major,Bela Vizy,2008/09/07 22:51:51 +0100,2008/09/08 01:53:07 +0100,Willem Jiang,2008/09/08 02:10:40 +0100,0.13806713,0.0121875,"['sftpendpoint', 'ignor', 'custom', 'ssh', 'port']","['sftpendpoint', 'ignor', 'custom', 'ssh', 'port', 'work', 'server', 'run', 'port']",1.5.0,1.4.0; 1.5.0,0,0,15,1,3,3,0,0,0,1,0.0,0.0,1.0,1.0,components/camel-ftp/src/main/java/org/apache/camel/component/file/remote/SftpEndpoint.java;
1091,Bug,Closed,Fixed,camel-jetty,Major,Roman Kalukiewicz,2008/11/14 17:54:13 +0100,2008/11/14 17:54:13 +0100,Roman Kalukiewicz,2008/11/17 15:03:33 +0100,2.8814814810000002,2.881481481,"['jetti', 'endpoint', 'ignor', 'host', 'specifi', 'uri', 'expos', 'endpoint', 'interfac']",[],1.5.0,1.6.0; 2.0-M1,0,0,4,1,10,4,1,0,0,1,0.0,0.0,7.0,9.0,components/camel-jetty/src/test/java/org/apache/camel/component/jetty/InterfacesTest.java;components/camel-jetty/src/test/java/org/apache/camel/component/jetty/InterfacesTest.java;components/camel-jetty/src/test/java/org/apache/camel/component/jetty/InterfacesTest.java;components/camel-jetty/src/test/java/org/apache/camel/component/jetty/InterfacesTest.java;components/camel-jetty/src/main/java/org/apache/camel/component/jetty/CamelContinuationServlet.java;components/camel-jetty/src/main/java/org/apache/camel/component/jetty/JettyHttpComponent.java;components/camel-jetty/src/test/java/org/apache/camel/component/jetty/InterfacesTest.java;components/camel-jetty/src/test/java/org/apache/camel/component/jetty/InterfacesTest.java;components/camel-jetty/src/test/java/org/apache/camel/component/jetty/InterfacesTest.java;
1211,Improvement,Closed,Fixed,camel-core; camel-restlet,Minor,Przemyslaw Budzik,2009/01/01 22:38:47 +0100,null,Unassigned,2010/03/12 12:18:58 +0100,434.56957180000006,null,"['camel', 'restlet', 'secur', 'extens']","['basic', 'http', 'auth', 'quick', 'shot', 'ad', 'digest', 'support', 'restlet', 'someth', 'mind', 'use', 'token', 'base', 'auth', 'http', 'auth', 'suitabl', 'push', 'credenti', 'back', 'forth', 'time', 'etc', 'pattern', 'one', 'endpoint', 'consum', 'ticket', 'token', 'sessionid', 'use', 'header', 'authent', 'realm', 'keep', 'login', 'pass', 'could', 'someth', 'like', 'bean', 'valid', 'token', 'cours', 'data', 'would', 'static', 'callback', 'eg', 'gettoken', 'static', 'map', 'list', 'final', 'uri', 'resolv', 'oper', 'author', 'uri', 'method', 'target', 'mean', 'project', 'processor', 'stuff', 'like', 'would', 'cool', 'thing', 'one', 'place', 'consum', 'provid', 'data', 'skelet', 'logic', 'hood', 'question', 'idea', 'make', 'sens', 'suggest', 'implement', 'w', 'reinvent', 'wheel', 'use', 'acegi', 'btw', 'claus', 'william', 'log', 'attach', 'detach', 'restlet', 'info', 'level', 'kind', 'spam', 'say', 'endpoint', 'mayb', 'debug']",1.6.0; 2.0.0,1.6.0; 2.0-M1,0,0,237,0,5,2,0,0,0,1,0.0,0.0,1.0,1.0,components/camel-restlet/src/main/java/org/apache/camel/component/restlet/RestletComponent.java;
1384,Bug,Closed,Fixed,camel-core,Major,Michael Chen,2009/02/25 18:54:15 +0100,2009/02/26 18:32:59 +0100,Claus Ibsen,2009/02/27 11:00:24 +0100,1.6709375,0.685706019,"['exchangehelp', 'respect', 'exchangepattern', 'inoptionalout']","['util', 'method', 'org', 'apach', 'camel', 'util', 'exchangehelp', 'copyresult', 'use', 'mani', 'core', 'class', 'howev', 'method', 'proper', 'support', 'mep', 'inoptionalout', 'assum', 'inoptionalout', 'exchang', 'messag', 'mean', 'messag', 'sent', 'follow', 'line', 'method', 'messag', 'sourc', 'getout', 'fals', 'null', 'result', 'getout', 'true', 'copyfrom', 'els', 'result', 'let', 'copi', 'last', 'inputshould', 'chang', 'messag', 'sourc', 'getout', 'fals', 'null', 'result', 'getout', 'true', 'copyfrom', 'els', 'result', 'getpattern', 'exchangepattern', 'inoptionalout', 'result', 'setout', 'null', 'els', 'result', 'let', 'copi', 'last', 'input']",1.6.0,2.0-M1,0,0,130,1,2,1,0,0,1,1,1.0,0.0,1.0,5.0,camel-core/src/main/java/org/apache/camel/component/dataset/DataSetConsumer.java;camel-core/src/main/java/org/apache/camel/component/dataset/DataSetEndpoint.java;camel-core/src/main/java/org/apache/camel/impl/DefaultProducerTemplate.java;camel-core/src/main/java/org/apache/camel/util/ExchangeHelper.java;camel-core/src/test/java/org/apache/camel/processor/RouteMEPOptionalOutTest.java;
1504,Bug,Closed,Fixed,camel-http,Minor,Mathis Schwuchow,2009/03/31 09:47:08 +0100,2009/04/02 17:09:28 +0100,Claus Ibsen,2009/04/02 17:16:23 +0100,2.311979167,0.004803241,"['http', 'uri', 'http', 'path', 'messag', 'header', 'concaten', 'send', 'messag', 'http', 'endpoint']","['messag', 'sent', 'http', 'endpoint', 'path', 'specifi', 'http', 'path', 'header', 'ignor', 'httpproduc', 'createmethod', 'camel', 'http', 'compon', 'uri', 'taken', 'http', 'uri', 'header', 'endpoint', 'http', 'path', 'header', 'concaten', 'see', 'also', 'discuss', 'mail', 'list']",2.0-M1,2.0-M2,0,0,54,1,4,2,1,0,0,1,0.0,0.0,1.0,2.0,components/camel-http/src/main/java/org/apache/camel/component/http/HttpProducer.java;components/camel-http/src/test/java/org/apache/camel/component/http/HttpGetWithPathHeaderTest.java;
1543,Improvement,Closed,Fixed,camel-jms,Major,Frank Schwarz,2009/04/19 16:27:14 +0100,2009/04/28 06:04:38 +0100,Claus Ibsen,2009/04/28 06:54:34 +0100,8.602314815,0.034675926,"['appli', 'removehead', 'also', 'underi', 'jms', 'messag', 'deleg']","['case', 'jms', 'messag', 'header', 'inform', 'redund', 'store', 'org', 'apach', 'camel', 'compon', 'jms', 'jmsmessag', 'camel', 'messag', 'javax', 'jms', 'messag', 'jmsmessag', 'deleg', 'jms', 'messag', 'current', 'remov', 'effect', 'header', 'camel', 'messag', 'instanc', 'next', 'process', 'step', 'remov', 'header', 'resurrect', 'under', 'jms', 'messag', 'pleas', 'provid', 'mean', 'remov', 'least', 'mask', 'header', 'under', 'jms', 'messag']",2.0-M1,1.6.1; 2.0-M2,0,0,65,1,4,2,0,0,0,1,0.0,0.0,1.0,4.0,components/camel-jms/src/main/java/org/apache/camel/component/jms/JmsMessage.java;components/camel-jms/src/main/java/org/apache/camel/component/jms/JmsMessageHelper.java;components/camel-jms/src/test/java/org/apache/camel/component/jms/JmsRemoveHeaderTest.java;components/camel-jms/src/test/java/org/apache/camel/component/jms/discovery/JmsDiscoveryTest.java;
1706,Improvement,Closed,Fixed,camel-core,Major,Claus Ibsen,2009/06/14 07:12:09 +0100,2009/06/14 07:12:09 +0100,Claus Ibsen,2009/06/15 05:56:16 +0100,0.947303241,0.947303241,"['defaulterrorhandl', 'add', 'support', 'redeliveri']","['new', 'default', 'error', 'handler', 'current', 'support', 'redeliveri', 'error', 'handl', 'codebas', 'stabil', 'allow', 'error', 'handler', 'leverag', 'redeliveri', 'featur', 'deadletterchannel']",2.0-M1; 2.0-M2,2.0-M3,0,0,32,1,2,1,0,0,0,1,0.0,0.0,3.0,40.0,camel-core/src/main/java/org/apache/camel/builder/BuilderSupport.java;camel-core/src/main/java/org/apache/camel/builder/DeadLetterChannelBuilder.java;camel-core/src/main/java/org/apache/camel/builder/DefaultErrorHandlerBuilder.java;camel-core/src/main/java/org/apache/camel/component/bean/BeanProcessor.java;camel-core/src/main/java/org/apache/camel/processor/DeadLetterChannel.java;camel-core/src/main/java/org/apache/camel/processor/DefaultErrorHandler.java;camel-core/src/main/java/org/apache/camel/processor/RedeliveryErrorHandler.java;camel-core/src/main/java/org/apache/camel/processor/idempotent/IdempotentOnCompletion.java;camel-core/src/test/java/org/apache/camel/builder/ContextErrorHandlerTest.java;camel-core/src/test/java/org/apache/camel/builder/ExceptionBuilderTest.java;camel-core/src/test/java/org/apache/camel/builder/ExceptionBuilderWithRetryLoggingLevelSetTest.java;camel-core/src/test/java/org/apache/camel/component/bean/BeanInfoSelectMethodTest.java;camel-core/src/test/java/org/apache/camel/component/bean/DefaultParameterMappingStrategyTest.java;camel-core/src/test/java/org/apache/camel/processor/DeadLetterChannelUseOriginalInBodyTest.java;camel-core/src/test/java/org/apache/camel/processor/DefaultErrorHandlerRedeliveryTest.java;camel-core/src/test/java/org/apache/camel/processor/exceptionpolicy/CustomExceptionPolicyStrategyTest.java;camel-core/src/test/java/org/apache/camel/processor/onexception/ErrorOccuredInOnExceptionRoute.java;camel-core/src/test/java/org/apache/camel/processor/onexception/OnExceptionProcessorInspectCausedExceptionTest.java;camel-core/src/test/java/org/apache/camel/processor/onexception/OnExceptionProcessorInspectCausedExceptionWithDefaultErrorHandlerTest.java;camel-core/src/test/java/org/apache/camel/processor/onexception/OnExceptionRetryUntilWithDefaultErrorHandlerTest.java;camel-core/src/test/java/org/apache/camel/processor/onexception/OnExceptionRouteWithDefaultErrorHandlerTest.java;camel-core/src/test/java/org/apache/camel/processor/onexception/OnExceptionSubRouteWithDefaultErrorHandlerTest.java;components/camel-jms/src/test/java/org/apache/camel/component/jms/JmsUseOriginalBodyTest.java;components/camel-mina/src/test/java/org/apache/camel/component/mina/MinaTcpLineDelimiterUsingPlainSocketTest.java;components/camel-mina/src/test/java/org/apache/camel/component/mina/MinaTcpWithIoOutProcessorExceptionTest.java;components/camel-spring/src/test/java/org/apache/camel/spring/processor/SpringDefaultErrorHandlerNotHandledPolicyTest.java;components/camel-spring/src/test/resources/org/apache/camel/spring/processor/SpringDefaultErrorHandlerNotHandledPolicyTest.xml;components/camel-spring/src/test/resources/org/apache/camel/spring/processor/onexception/onExceptionSubRouteWithDefaultErrorHandlerTest.xml;camel-core/src/main/java/org/apache/camel/builder/DefaultErrorHandlerBuilder.java;camel-core/src/main/java/org/apache/camel/processor/RedeliveryErrorHandler.java;camel-core/src/main/java/org/apache/camel/processor/RedeliveryPolicy.java;camel-core/src/test/java/org/apache/camel/processor/onexception/ErrorOccuredInOnExceptionRoute.java;camel-core/src/test/java/org/apache/camel/processor/onexception/MyOwnHandlerBean.java;camel-core/src/test/java/org/apache/camel/processor/onexception/OnExceptionRouteTest.java;camel-core/src/test/java/org/apache/camel/processor/onexception/OnExceptionRouteWithDefaultErrorHandlerTest.java;camel-core/src/main/java/org/apache/camel/processor/DeadLetterChannel.java;camel-core/src/main/java/org/apache/camel/processor/DefaultErrorHandler.java;camel-core/src/main/java/org/apache/camel/processor/RedeliveryErrorHandler.java;camel-core/src/test/java/org/apache/camel/processor/DeadLetterChannelRedeliveryTest.java;components/camel-spring/src/main/java/org/apache/camel/spring/spi/TransactionErrorHandler.java;
1765,Bug,Closed,Fixed,examples,Blocker,David Jencks,2009/06/27 19:04:46 +0100,2009/06/28 20:29:45 +0100,Hadrian Zbarcea,2009/07/03 08:05:44 +0100,5.542337963,4.483321759,"['licens', 'one', 'jar', 'class', 'includ', 'camel', 'exampl', 'spring', 'one', 'jar', 'artifact', 'also', 'apach', 'legal', 'file', 'miss']","['licens', 'com', 'simontuff', 'onejar', 'file', 'build', 'camel', 'exampl', 'spring', 'neither', 'licens', 'apach', 'licens', 'apach', 'notic', 'file', 'one', 'jar', 'jar', 'artifact', 'suggest', 'disabl', 'one', 'jar', 'plugin', 'someon', 'figur', 'includ', 'file']",2.0.0,2.0-M3,0,0,46,1,4,2,1,0,0,1,0.0,0.0,1.0,1.0,examples/camel-example-spring/pom.xml;
2153,Bug,Closed,Fixed,camel-ftp,Major,Marco Crivellaro,2009/11/09 15:37:25 +0100,2009/11/10 06:55:38 +0100,Claus Ibsen,2009/11/10 14:32:22 +0100,0.954826389,0.317175926,"['ftp', 'compon', 'issu', 'tempprefix', 'tempfilenam']","['use', 'ftp', 'compon', 'push', 'file', 'via', 'ftp', 'face', 'issu', 'push', 'file', 'subfold', 'use', 'tempprefix', 'tempfilenam', 'rout', 'sampl', 'direct', 'start', 'ftp', 'usernam', 'ipaddress', 'password', 'mypass', 'amp', 'filenam', 'camel', 'test', 'messag', 'txt', 'amp', 'tempfilenam', 'file', 'name', 'noext', 'tmp', 'error', 'rais', 'final', 'destin', 'file', 'exist', 'exist', 'follow', 'error', 'rais', 'except', 'thread', 'main', 'org', 'apach', 'camel', 'camelexecutionexcept', 'except', 'occur', 'execut', 'exchang', 'exchang', 'messag', 'messag', 'content', 'org', 'apach', 'camel', 'util', 'objecthelp', 'wrapcamelexecutionexcept', 'objecthelp', 'java', 'org', 'apach', 'camel', 'util', 'exchangehelp', 'extractresultbodi', 'exchangehelp', 'java', 'org', 'apach', 'camel', 'impl', 'defaultproducertempl', 'extractresultbodi', 'defaultproducertempl', 'java', 'org', 'apach', 'camel', 'impl', 'defaultproducertempl', 'extractresultbodi', 'defaultproducertempl', 'java', 'org', 'apach', 'camel', 'impl', 'defaultproducertempl', 'sendbodi', 'defaultproducertempl', 'java', 'org', 'apach', 'camel', 'impl', 'defaultproducertempl', 'sendbodi', 'defaultproducertempl', 'java', 'com', 'opta', 'camel', 'test', 'ftptester', 'main', 'ftptester', 'java', 'caus', 'java', 'lang', 'nullpointerexcept', 'org', 'apach', 'camel', 'compon', 'file', 'remot', 'ftpoper', 'existsfil', 'ftpoper', 'java', 'org', 'apach', 'camel', 'compon', 'file', 'genericfileproduc', 'processexchang', 'genericfileproduc', 'java', 'org', 'apach', 'camel', 'compon', 'file', 'remot', 'remotefileproduc', 'process', 'remotefileproduc', 'java', 'org', 'apach', 'camel', 'processor', 'sendprocessor', 'doinproduc', 'sendprocessor', 'java', 'org', 'apach', 'camel', 'processor', 'sendprocessor', 'doinproduc', 'sendprocessor', 'java', 'org', 'apach', 'camel', 'impl', 'producercach', 'doinproduc', 'producercach', 'java', 'org', 'apach', 'camel', 'processor', 'sendprocessor', 'process', 'sendprocessor', 'java', 'org', 'apach', 'camel', 'manag', 'instrumentationprocessor', 'process', 'instrumentationprocessor', 'java', 'org', 'apach', 'camel', 'processor', 'delegateprocessor', 'processnext', 'delegateprocessor', 'java', 'org', 'apach', 'camel', 'processor', 'delegateprocessor', 'proceed', 'delegateprocessor', 'java', 'org', 'apach', 'camel', 'processor', 'interceptor', 'traceinterceptor', 'process', 'traceinterceptor', 'java', 'org', 'apach', 'camel', 'manag', 'instrumentationprocessor', 'process', 'instrumentationprocessor', 'java', 'org', 'apach', 'camel', 'processor', 'redeliveryerrorhandl', 'processexchang', 'redeliveryerrorhandl', 'java', 'org', 'apach', 'camel', 'processor', 'redeliveryerrorhandl', 'processerrorhandl', 'redeliveryerrorhandl', 'java', 'org', 'apach', 'camel', 'processor', 'redeliveryerrorhandl', 'process', 'redeliveryerrorhandl', 'java', 'org', 'apach', 'camel', 'processor', 'defaulterrorhandl', 'process', 'defaulterrorhandl', 'java', 'org', 'apach', 'camel', 'processor', 'defaultchannel', 'process', 'defaultchannel', 'java', 'org', 'apach', 'camel', 'processor', 'unitofworkprocessor', 'processnext', 'unitofworkprocessor', 'java', 'org', 'apach', 'camel', 'processor', 'delegateprocessor', 'process', 'delegateprocessor', 'java', 'org', 'apach', 'camel', 'manag', 'instrumentationprocessor', 'process', 'instrumentationprocessor', 'java', 'org', 'apach', 'camel', 'compon', 'direct', 'directproduc', 'process', 'directproduc', 'java', 'org', 'apach', 'camel', 'impl', 'producercach', 'doinproduc', 'producercach', 'java', 'org', 'apach', 'camel', 'impl', 'producercach', 'doinproduc', 'producercach', 'java', 'org', 'apach', 'camel', 'impl', 'producercach', 'doinproduc', 'producercach', 'java', 'org', 'apach', 'camel', 'impl', 'producercach', 'sendexchang', 'producercach', 'java', 'org', 'apach', 'camel', 'impl', 'producercach', 'send', 'producercach', 'java', 'org', 'apach', 'camel', 'impl', 'defaultproducertempl', 'send', 'defaultproducertempl', 'java', 'org', 'apach', 'camel', 'impl', 'defaultproducertempl', 'sendbodi', 'defaultproducertempl', 'java']",2.1.0,2.1.0,0,0,169,1,5,2,0,0,0,1,0.0,0.0,2.0,3.0,components/camel-ftp/src/main/java/org/apache/camel/component/file/remote/FtpOperations.java;components/camel-ftp/src/main/java/org/apache/camel/component/file/remote/SftpOperations.java;components/camel-ftp/src/test/java/org/apache/camel/component/file/remote/ToFtpTempFileTargetFileExistTest.java;
2979,Bug,Closed,Fixed,camel-ftp,Minor,Andreas Asmuss,2010/07/21 10:07:59 +0100,2010/07/22 15:31:18 +0100,Claus Ibsen,2010/07/22 16:00:59 +0100,1.2451388890000001,0.020613426,"['ftpcompon', 'login', 'fail', 'disconnect', 'true', 'anoth', 'connect', 'open']","['rout', 'second', 'connect', 'ftp', 'server', 'open', 'login', 'fail', 'lt', 'rout', 'gt', 'lt', 'uri', 'ftp', 'localhost', 'inbox', 'usernam', 'usr', 'amp', 'password', 'pwd', 'amp', 'disconnect', 'true', 'amp', 'consum', 'delay', 'amp', 'maximumreconnectattempt', 'gt', 'lt', 'uri', 'file', 'test', 'data', 'gt', 'lt', 'rout', 'gt', 'descript']",2.4.0,2.5.0,0,0,34,1,5,2,1,0,0,1,0.0,0.0,2.0,4.0,components/camel-ftp/src/main/java/org/apache/camel/component/file/remote/RemoteFileConsumer.java;components/camel-ftp/src/main/java/org/apache/camel/component/file/remote/RemoteFileEndpoint.java;components/camel-ftp/src/test/java/org/apache/camel/component/file/remote/FtpNoReconnectAttemptUnknownHostTest.java;camel-core/src/main/java/org/apache/camel/component/file/GenericFileConsumer.java;
3047,Bug,Closed,Fixed,camel-jetty,Major,Paul Mietz Egli,2010/08/11 23:33:45 +0100,2010/08/13 09:00:39 +0100,Willem Jiang,2010/08/19 10:43:32 +0100,7.465127315,6.071446759,"['jettyhttpcompon', 'dostop', 'shut', 'server', 'vm', 'associ', 'compon']","['run', 'sever', 'bundl', 'karaf', 'separ', 'camel', 'context', 'use', 'camel', 'jetti', 'compon', 'expos', 'servic', 'http', 'bundl', 'assign', 'port', 'may', 'listen', 'multipl', 'uri', 'notic', 'updat', 'shut', 'one', 'bundl', 'jetti', 'server', 'bundl', 'would', 'stop', 'listen', 'respect', 'port', 'problem', 'map', 'connectorref', 'object', 'jettyhttpcompon', 'static', 'therefor', 'share', 'across', 'entir', 'vm', 'chang', 'static', 'instanc', 'variabl', 'fix', 'issu', 'us']",2.4.0,2.5.0,0,0,97,1,11,4,1,0,0,1,0.0,0.0,1.0,10.0,components/camel-jetty/src/main/java/org/apache/camel/component/jetty/JettyHttpComponent.java;components/camel-jetty/src/test/java/org/apache/camel/component/jetty/SpringJettyNoConnectionRedeliveryTest.java;components/camel-jetty/src/test/java/org/apache/camel/component/jetty/SpringJettyNoConnectionTest.java;components/camel-jetty/src/test/resources/org/apache/camel/component/jetty/jetty-noconnection-redelivery.xml;components/camel-jetty/src/test/resources/org/apache/camel/component/jetty/jetty-noconnection.xml;tests/camel-itest-osgi/src/test/java/org/apache/camel/itest/osgi/OSGiIntegrationTestSupport.java;tests/camel-itest-osgi/src/test/java/org/apache/camel/itest/osgi/jetty/JettyProcessor.java;tests/camel-itest-osgi/src/test/java/org/apache/camel/itest/osgi/jetty/OSGiMulitJettyCamelContextsTest.java;tests/camel-itest-osgi/src/test/resources/org/apache/camel/itest/osgi/jetty/CamelContext1.xml;tests/camel-itest-osgi/src/test/resources/org/apache/camel/itest/osgi/jetty/CamelContext2.xml;
3060,Bug,Closed,Fixed,camel-core,Minor,Vid Cheruvu,2010/08/18 14:52:41 +0100,2010/08/19 04:47:20 +0100,Claus Ibsen,2010/08/19 04:47:20 +0100,0.579618056,0,"['heap', 'memori', 'issu', 'camel', 'file', 'process', 'larg', 'file']","['camel', 'file', 'compon', 'throw', 'heap', 'memori', 'issu', 'process', 'csv', 'file', 'mb', 'k', 'line']",2.3.0,2.5.0,0,0,21,1,2,1,0,0,0,1,0.0,0.0,1.0,1.0,camel-core/src/main/java/org/apache/camel/component/file/GenericFileMessage.java;
3188,Bug,Closed,Fixed,camel-core,Major,Brian Feaver,2010/10/01 21:21:02 +0100,2010/10/02 09:00:01 +0100,Claus Ibsen,2010/10/02 16:16:43 +0100,0.7886689809999999,0.303263889,"['concurr', 'consum', 'seda', 'endpoint', 'caus', 'content', 'rout', 'mismatch']","['consum', 'concurr', 'seda', 'endpoint', 'rout', 'contain', 'content', 'router', 'base', 'header', 'random', 'rout', 'wrong', 'choic', 'specif', 'case', 'consum', 'activemq', 'queue', 'would', 'receiv', 'messag', 'header', 'would', 'determin', 'rout', 'would', 'follow', 'would', 'random', 'send', 'messag', 'wrong', 'path', 'turn', 'trace', 'would', 'behav', 'also', 'behav', 'limit', 'singl', 'consum', 'howev', 'abl', 'duplic', 'unit', 'test', 'due', 'concurr', 'issu', 'test', 'occasion', 'pass', 'run', 'coupl', 'time', 'fail', 'either', 'receiv', 'messag', 'gotten', 'get', 'messag', 'gotten', 'concurrencytest', 'javaimport', 'org', 'apach', 'camel', 'endpointinject', 'import', 'org', 'apach', 'camel', 'produc', 'import', 'org', 'apach', 'camel', 'producertempl', 'import', 'org', 'apach', 'camel', 'builder', 'routebuild', 'import', 'org', 'apach', 'camel', 'compon', 'mock', 'mockendpoint', 'import', 'org', 'apach', 'camel', 'test', 'cameltestsupport', 'public', 'class', 'concurrencytest', 'extend', 'cameltestsupport', 'endpointinject', 'uri', 'mock', 'result', 'protect', 'mockendpoint', 'resultendpoint', 'endpointinject', 'uri', 'mock', 'otherresult', 'protect', 'mockendpoint', 'otherresultendpoint', 'produc', 'uri', 'seda', 'start', 'protect', 'producertempl', 'templat', 'public', 'void', 'testsendmatchingmessag', 'throw', 'except', 'string', 'expectedbodi', 'lt', 'match', 'gt', 'resultendpoint', 'expectedbodiesreceiv', 'expectedbodi', 'otherresultendpoint', 'expectedbodiesreceiv', 'expectedbodi', 'templat', 'sendbodyandhead', 'expectedbodi', 'mydirect', 'send', 'templat', 'sendbodyandhead', 'expectedbodi', 'mydirect', 'receiv', 'resultendpoint', 'assertissatisfi', 'overrid', 'protect', 'routebuild', 'createroutebuild', 'return', 'new', 'routebuild', 'public', 'void', 'configur', 'seda', 'start', 'concurrentconsum', 'seda', 'start', 'concurrentconsum', 'choic', 'header', 'mydirect', 'isequalto', 'send', 'mock', 'result', 'header', 'mydirect', 'isequalto', 'receiv', 'mock', 'otherresult']",2.3.0; 2.4.0,2.5.0,0,0,257,1,4,1,0,1,0,1,0.0,1.0,1.0,7.0,camel-core/src/main/java/org/apache/camel/BinaryPredicate.java;camel-core/src/main/java/org/apache/camel/builder/BinaryPredicateSupport.java;camel-core/src/main/java/org/apache/camel/processor/ChoiceProcessor.java;camel-core/src/main/java/org/apache/camel/util/ObjectHelper.java;camel-core/src/test/java/org/apache/camel/builder/PredicateBuilderConcurrentTest.java;camel-core/src/test/java/org/apache/camel/builder/PredicateBuilderTest.java;camel-core/src/test/java/org/apache/camel/issues/CBRConcurrencyIssueTest.java;
3403,Bug,Closed,Fixed,camel-core,Minor,Claus Ibsen,2010/12/08 08:44:26 +0100,2010/12/08 08:44:26 +0100,Claus Ibsen,2010/12/08 09:16:10 +0100,0.022037037000000002,0.022037037,"['interceptsendtoendpoint', 'check', 'stop', 'dsl', 'use']","['see', 'nabbl']",2.5.0,2.6.0,0,0,5,1,2,1,0,0,0,1,0.0,0.0,1.0,4.0,camel-core/src/main/java/org/apache/camel/component/mock/MockEndpoint.java;camel-core/src/main/java/org/apache/camel/processor/PipelineHelper.java;camel-core/src/main/java/org/apache/camel/spi/ManagementAware.java;camel-core/src/test/java/org/apache/camel/processor/intercept/InterceptSendToEndpointWithStopTest.java;
